id	name	metabolites	lower_bound	upper_bound	gene_reaction_rule	subsystem	notes	annotation	objective_coefficient
PFK	Phosphofructokinase	{'adp_c': 1.0, 'atp_c': -1.0, 'f6p_c': -1.0, 'fdp_c': 1.0, 'h_c': 1.0}	0.0	1000.0	b3916 or b1723	Glycolysis/Gluconeogenesis	{'original_bigg_ids': ['PFK']}	{'bigg.reaction': ['PFK'], 'ec-code': ['2.7.1.11'], 'metanetx.reaction': ['MNXR102507'], 'rhea': ['16111', '16109', '16110', '16112'], 'sbo': 'SBO:0000176'}	
PFL	Pyruvate formate lyase	{'accoa_c': 1.0, 'coa_c': -1.0, 'for_c': 1.0, 'pyr_c': -1.0}	0.0	1000.0	((b0902 and b0903) and b2579) or (b0902 and b0903) or (b0902 and b3114) or (b3951 and b3952)	Pyruvate Metabolism	{'original_bigg_ids': ['PFL']}	{'bigg.reaction': ['PFL'], 'biocyc': ['META:PYRUVFORMLY-RXN'], 'ec-code': ['2.3.1.54'], 'kegg.reaction': ['R00212'], 'metanetx.reaction': ['MNXR102514'], 'rhea': ['11847', '11845', '11844', '11846'], 'sabiork': ['146'], 'sbo': 'SBO:0000176', 'seed.reaction': ['rxn00157']}	
PGI	Glucose-6-phosphate isomerase	{'f6p_c': 1.0, 'g6p_c': -1.0}	-1000.0	1000.0	b4025	Glycolysis/Gluconeogenesis	{'original_bigg_ids': ['PGI']}	{'bigg.reaction': ['PGI'], 'biocyc': ['META:PGLUCISOM-RXN'], 'ec-code': ['5.3.1.9'], 'metanetx.reaction': ['MNXR102535'], 'sbo': 'SBO:0000176'}	
PGK	Phosphoglycerate kinase	{'13dpg_c': 1.0, '3pg_c': -1.0, 'adp_c': 1.0, 'atp_c': -1.0}	-1000.0	1000.0	b2926	Glycolysis/Gluconeogenesis	{'original_bigg_ids': ['PGK']}	{'bigg.reaction': ['PGK'], 'biocyc': ['META:PHOSGLYPHOS-RXN'], 'ec-code': ['2.7.2.3'], 'kegg.reaction': ['R01512'], 'metanetx.reaction': ['MNXR102538'], 'reactome.reaction': ['R-ATH-71850', 'R-DME-71850', 'R-GGA-71850', 'R-SPO-71850', 'R-OSA-71850', 'R-GGA-353039', 'R-GGA-353023', 'R-BTA-71850', 'R-CFA-70486', 'R-MMU-71850', 'R-DME-70486', 'R-PFA-71850', 'R-SPO-70486', 'R-SCE-70486', 'R-PFA-70486', 'R-SSC-70486', 'R-ATH-70486', 'R-DRE-70486', 'R-HSA-70486', 'R-OSA-70486', 'R-XTR-71850', 'R-MMU-70486', 'R-RNO-70486', 'R-TGU-70486', 'R-DRE-71850', 'R-SSC-71850', 'R-SCE-71850', 'R-CFA-71850', 'R-XTR-70486', 'R-DDI-70486', 'R-DDI-71850', 'R-RNO-71850', 'R-BTA-70486', 'R-CEL-70486', 'R-HSA-71850', 'R-CEL-71850', 'R-GGA-70486', 'R-TGU-71850'], 'rhea': ['14801', '14804', '14802', '14803'], 'sabiork': ['7644'], 'sbo': 'SBO:0000176', 'seed.reaction': ['rxn01100']}	
PGL	6-phosphogluconolactonase	{'6pgc_c': 1.0, '6pgl_c': -1.0, 'h2o_c': -1.0, 'h_c': 1.0}	0.0	1000.0	b0767	Pentose Phosphate Pathway	{'original_bigg_ids': ['PGL']}	{'bigg.reaction': ['PGL'], 'biocyc': ['META:6PGLUCONOLACT-RXN'], 'ec-code': ['3.1.1.31'], 'kegg.reaction': ['R02035'], 'metanetx.reaction': ['MNXR102539'], 'reactome.reaction': ['R-OSA-71296', 'R-CFA-71296', 'R-CEL-71296', 'R-GGA-71296', 'R-MMU-71296', 'R-SSC-71296', 'R-BTA-71296', 'R-ATH-71296', 'R-DME-71296', 'R-DRE-71296', 'R-SCE-71296', 'R-HSA-71296', 'R-XTR-71296', 'R-RNO-71296', 'R-DDI-71296', 'R-SPO-71296'], 'rhea': ['12559', '12556', '12557', '12558'], 'sabiork': ['109'], 'sbo': 'SBO:0000176', 'seed.reaction': ['rxn01476']}	
ACALD	Acetaldehyde dehydrogenase (acetylating)	{'acald_c': -1.0, 'accoa_c': 1.0, 'coa_c': -1.0, 'h_c': 1.0, 'nad_c': -1.0, 'nadh_c': 1.0}	-1000.0	1000.0	b0351 or b1241	Pyruvate Metabolism	{'original_bigg_ids': ['ACALD']}	{'bigg.reaction': ['ACALD'], 'biocyc': ['META:ACETALD-DEHYDROG-RXN'], 'ec-code': ['1.2.1.10'], 'kegg.reaction': ['R00228'], 'metanetx.reaction': ['MNXR95210'], 'rhea': ['23290', '23291', '23289', '23288'], 'sabiork': ['163'], 'sbo': 'SBO:0000176', 'seed.reaction': ['rxn00171']}	
AKGt2r	2 oxoglutarate reversible transport via symport	{'akg_c': 1.0, 'akg_e': -1.0, 'h_c': 1.0, 'h_e': -1.0}	-1000.0	1000.0	b2587	Transport, Extracellular	{'original_bigg_ids': ['AKGt2r']}	{'bigg.reaction': ['AKGt2r'], 'biocyc': ['META:TRANS-RXN-23'], 'metanetx.reaction': ['MNXR95661'], 'rhea': ['29011', '29013', '29012', '29014'], 'sbo': 'SBO:0000185', 'seed.reaction': ['rxn05493', 'rxn08095', 'rxn09827']}	
PGM	Phosphoglycerate mutase	{'2pg_c': -1.0, '3pg_c': 1.0}	-1000.0	1000.0	b3612 or b4395 or b0755	Glycolysis/Gluconeogenesis	{'original_bigg_ids': ['PGM']}	{'bigg.reaction': ['PGM'], 'biocyc': ['META:3PGAREARR-RXN', 'META:RXN-15513'], 'ec-code': ['5.4.2.1', '5.4.2.11', '5.4.2.12'], 'kegg.reaction': ['R01518'], 'metanetx.reaction': ['MNXR102547'], 'reactome.reaction': ['R-XTR-71654', 'R-SSC-71654', 'R-DME-71445', 'R-XTR-71445', 'R-RNO-71445', 'R-GGA-71654', 'R-SSC-71445', 'R-GGA-71445', 'R-DDI-71654', 'R-SPO-71654', 'R-MMU-71445', 'R-BTA-71445', 'R-CFA-71445', 'R-PFA-71445', 'R-GGA-352994', 'R-TGU-71654', 'R-SPO-71445', 'R-HSA-71445', 'R-ATH-71654', 'R-MMU-71654', 'R-BTA-71654', 'R-GGA-353014', 'R-DRE-71654', 'R-HSA-71654', 'R-CFA-71654', 'R-OSA-71654', 'R-DDI-71445', 'R-RNO-71654', 'R-DRE-71445', 'R-OSA-71445', 'R-PFA-71654', 'R-DME-71654', 'R-TGU-71445', 'R-SCE-71445', 'R-ATH-71445', 'R-SCE-71654'], 'rhea': ['15902', '15903', '15901', '15904'], 'sabiork': ['7641'], 'sbo': 'SBO:0000176', 'seed.reaction': ['rxn01106']}	
PIt2r	Phosphate reversible transport via symport	{'h_c': 1.0, 'h_e': -1.0, 'pi_c': 1.0, 'pi_e': -1.0}	-1000.0	1000.0	b2987 or b3493	Inorganic Ion Transport and Metabolism	{'original_bigg_ids': ['PIt2r']}	{'bigg.reaction': ['PIt2r'], 'biocyc': ['META:TRANS-RXN-114'], 'metanetx.reaction': ['MNXR102872'], 'rhea': ['29939', '29941', '29940', '29942'], 'sbo': 'SBO:0000185', 'seed.reaction': ['rxn05312', 'rxn09833', 'rxn09811', 'rxn09872', 'rxn09723', 'rxn09120']}	
ALCD2x	Alcohol dehydrogenase (ethanol)	{'acald_c': 1.0, 'etoh_c': -1.0, 'h_c': 1.0, 'nad_c': -1.0, 'nadh_c': 1.0}	-1000.0	1000.0	b0356 or b1478 or b1241	Pyruvate Metabolism	{'original_bigg_ids': ['ALCD2x']}	{'bigg.reaction': ['ALCD2x'], 'biocyc': ['META:ALCOHOL-DEHYDROG-RXN'], 'ec-code': ['1.1.1.71', '1.1.1.1'], 'kegg.reaction': ['R00754'], 'metanetx.reaction': ['MNXR95725'], 'reactome.reaction': ['R-MMU-71707', 'R-XTR-71707', 'R-CFA-71707', 'R-OSA-71707', 'R-RNO-71707', 'R-HSA-71707', 'R-SSC-71707', 'R-GGA-71707', 'R-SPO-71707', 'R-DME-71707', 'R-DRE-71707', 'R-BTA-71707', 'R-ATH-71707', 'R-SCE-71707', 'R-TGU-71707', 'R-CEL-71707', 'R-DDI-71707'], 'rhea': ['25292', '25290', '25291', '25293'], 'sabiork': ['597'], 'sbo': 'SBO:0000176', 'seed.reaction': ['rxn00543']}	
ACALDt	Acetaldehyde reversible transport	{'acald_c': 1.0, 'acald_e': -1.0}	-1000.0	1000.0	s0001	Transport, Extracellular	{'original_bigg_ids': ['ACALDt']}	{'bigg.reaction': ['ACALDt'], 'metanetx.reaction': ['MNXR95212'], 'reactome.reaction': ['R-HSA-449872'], 'sbo': 'SBO:0000185', 'seed.reaction': ['rxn09700', 'rxn08033', 'rxn13212', 'rxn08032']}	
ACKr	Acetate kinase	{'ac_c': -1.0, 'actp_c': 1.0, 'adp_c': 1.0, 'atp_c': -1.0}	-1000.0	1000.0	b3115 or b2296 or b1849	Pyruvate Metabolism	{'original_bigg_ids': ['ACKr']}	{'bigg.reaction': ['ACKr'], 'biocyc': ['META:ACETATEKIN-RXN'], 'ec-code': ['2.7.2.15', '2.7.2.1'], 'kegg.reaction': ['R00315'], 'metanetx.reaction': ['MNXR95269'], 'rhea': ['11354', '11355', '11353', '11352'], 'sabiork': ['71'], 'sbo': 'SBO:0000176', 'seed.reaction': ['rxn00225']}	
PPC	Phosphoenolpyruvate carboxylase	{'co2_c': -1.0, 'h2o_c': -1.0, 'h_c': 1.0, 'oaa_c': 1.0, 'pep_c': -1.0, 'pi_c': 1.0}	0.0	1000.0	b3956	Anaplerotic reactions	{'original_bigg_ids': ['PPC']}	{'bigg.reaction': ['PPC'], 'ec-code': ['4.1.1.31'], 'kegg.reaction': ['R00345'], 'metanetx.reaction': ['MNXR103096'], 'rhea': ['23073', '23072', '23075', '23074'], 'sabiork': ['150'], 'sbo': 'SBO:0000176', 'seed.reaction': ['rxn00251']}	
ACONTa	Aconitase (half-reaction A, Citrate hydro-lyase)	{'acon_C_c': 1.0, 'cit_c': -1.0, 'h2o_c': 1.0}	-1000.0	1000.0	b0118 or b1276	Citric Acid Cycle	{'original_bigg_ids': ['ACONTa']}	{'bigg.reaction': ['ACONTa'], 'biocyc': ['META:ACONITATEDEHYDR-RXN'], 'ec-code': ['4.2.1.3'], 'kegg.reaction': ['R01325'], 'metanetx.reaction': ['MNXR95386'], 'rhea': ['10230', '10229', '10231', '10228'], 'sabiork': ['268'], 'sbo': 'SBO:0000176', 'seed.reaction': ['rxn00974']}	
ACONTb	Aconitase (half-reaction B, Isocitrate hydro-lyase)	{'acon_C_c': -1.0, 'h2o_c': -1.0, 'icit_c': 1.0}	-1000.0	1000.0	b0118 or b1276	Citric Acid Cycle	{'original_bigg_ids': ['ACONTb']}	{'bigg.reaction': ['ACONTb'], 'ec-code': ['4.2.1.3'], 'kegg.reaction': ['R01900'], 'metanetx.reaction': ['MNXR95387'], 'rhea': ['22145', '22144', '22146', '22147'], 'sbo': 'SBO:0000176', 'seed.reaction': ['rxn01388']}	
ATPM	ATP maintenance requirement	{'adp_c': 1.0, 'atp_c': -1.0, 'h2o_c': -1.0, 'h_c': 1.0, 'pi_c': 1.0}	8.39	1000.0		Biomass and maintenance functions	{'original_bigg_ids': ['ATPM']}	{'bigg.reaction': ['ATPM'], 'biocyc': ['META:ATPASE-RXN'], 'ec-code': ['3.6.1.5', '3.6.3.34', '3.6.3.20', '3.6.3.53', '3.6.3.8', '3.6.3.32', '3.6.4.12', '3.6.3.48', '3.6.3.40', '3.6.3.9', '3.6.3.23', '3.6.3.22', '3.6.3.54', '3.6.3.1', '3.6.1.8', '3.6.3.29', '3.6.3.17', '3.6.3.50', '3.6.3.39', '3.6.3.19', '3.6.3.4', '3.6.3.35', '3.6.3.16', '3.6.4.4', '3.6.3.37', '3.6.4.8', '3.6.3.31', '3.6.3.6', '3.6.4.5', '3.6.3.52', '3.6.3.2', '3.6.3.14', '3.6.3.51', '3.6.3.25', '3.6.3.38', '3.6.3.33', '3.6.3.43', '3.6.4.10', '3.6.4.13', '3.6.3.3', '3.6.3.10', '3.6.3.24', '3.6.3.44', '3.6.3.15', '3.6.3.5', '3.6.1.3', '3.6.1.15', '3.6.4.2', '3.6.4.3', '3.6.3.42', '3.6.3.11', '3.6.3.28', '3.6.3.30', '3.6.4.1', '3.6.4.11', '3.6.3.47', '3.6.4.6', '3.6.3.36', '3.6.3.21', '3.6.3.12', '3.6.3.18', '3.6.3.26', '3.6.3.27', '3.6.3.7', '3.6.4.9', '3.6.4.7', '3.6.3.46', '3.6.3.41', '3.6.3.49'], 'kegg.reaction': ['R00086'], 'metanetx.reaction': ['MNXR96131'], 'rhea': ['13066', '13065', '13068', '13067'], 'sabiork': ['75'], 'sbo': 'SBO:0000176', 'seed.reaction': ['rxn11300', 'rxn09694', 'rxn00062']}	
PPCK	Phosphoenolpyruvate carboxykinase	{'adp_c': 1.0, 'atp_c': -1.0, 'co2_c': 1.0, 'oaa_c': -1.0, 'pep_c': 1.0}	0.0	1000.0	b3403	Anaplerotic reactions	{'original_bigg_ids': ['PPCK']}	{'bigg.reaction': ['PPCK'], 'biocyc': ['META:PEPCARBOXYKIN-RXN'], 'ec-code': ['4.1.1.49'], 'kegg.reaction': ['R00341'], 'metanetx.reaction': ['MNXR103099'], 'rhea': ['18620', '18618', '18617', '18619'], 'sabiork': ['151'], 'sbo': 'SBO:0000176', 'seed.reaction': ['rxn00247']}	
ACt2r	Acetate reversible transport via proton symport	{'ac_c': 1.0, 'ac_e': -1.0, 'h_c': 1.0, 'h_e': -1.0}	-1000.0	1000.0		Transport, Extracellular	{'original_bigg_ids': ['ACt2r']}	{'bigg.reaction': ['ACt2r'], 'biocyc': ['META:TRANS-RXN0-571'], 'metanetx.reaction': ['MNXR95429'], 'sbo': 'SBO:0000185', 'seed.reaction': ['rxn08061', 'rxn05488']}	
PPS	Phosphoenolpyruvate synthase	{'amp_c': 1.0, 'atp_c': -1.0, 'h2o_c': -1.0, 'h_c': 2.0, 'pep_c': 1.0, 'pi_c': 1.0, 'pyr_c': -1.0}	0.0	1000.0	b1702	Glycolysis/Gluconeogenesis	{'original_bigg_ids': ['PPS']}	{'bigg.reaction': ['PPS'], 'biocyc': ['META:PEPSYNTH-RXN'], 'ec-code': ['2.7.9.2'], 'kegg.reaction': ['R00199'], 'metanetx.reaction': ['MNXR103140'], 'rhea': ['11364', '11367', '11366', '11365'], 'sabiork': ['148'], 'sbo': 'SBO:0000176', 'seed.reaction': ['rxn00147']}	
ADK1	Adenylate kinase	{'adp_c': 2.0, 'amp_c': -1.0, 'atp_c': -1.0}	-1000.0	1000.0	b0474	Oxidative Phosphorylation	{'original_bigg_ids': ['ADK1']}	{'bigg.reaction': ['ADK1'], 'biocyc': ['META:ADENYL-KIN-RXN'], 'ec-code': ['2.7.4.3'], 'kegg.reaction': ['R00127'], 'metanetx.reaction': ['MNXR95450'], 'reactome.reaction': ['R-ATH-110145', 'R-SSC-110144', 'R-ATH-110144', 'R-SSC-110145', 'R-GGA-110145', 'R-PFA-110144', 'R-HSA-110145', 'R-RNO-110144', 'R-OSA-110145', 'R-SCE-110145', 'R-RNO-110145', 'R-XTR-110144', 'R-SCE-110144', 'R-PFA-110145', 'R-OSA-110144', 'R-HSA-110144', 'R-BTA-110144', 'R-DRE-110145', 'R-DRE-110144', 'R-SPO-110145', 'R-CEL-110144', 'R-CFA-110144', 'R-XTR-110145', 'R-MMU-110144', 'R-DME-110144', 'R-SPO-110144', 'R-DDI-110145', 'R-GGA-110144', 'R-TGU-110144', 'R-BTA-110145', 'R-CEL-110145', 'R-CFA-110145', 'R-DME-110145', 'R-TGU-110145', 'R-DDI-110144', 'R-MMU-110145'], 'rhea': ['12975', '12973', '12976', '12974'], 'sabiork': ['82'], 'sbo': 'SBO:0000176', 'seed.reaction': ['rxn00097']}	
AKGDH	2-Oxogluterate dehydrogenase	{'akg_c': -1.0, 'co2_c': 1.0, 'coa_c': -1.0, 'nad_c': -1.0, 'nadh_c': 1.0, 'succoa_c': 1.0}	0.0	1000.0	b0116 and b0726 and b0727	Citric Acid Cycle	{'original_bigg_ids': ['AKGDH']}	{'bigg.reaction': ['AKGDH'], 'biocyc': ['META:2OXOGLUTARATEDEH-RXN'], 'ec-code': ['1.2.1.52', '2.3.1.61', '1.8.1.4', '1.2.4.2'], 'kegg.reaction': ['R08549'], 'metanetx.reaction': ['MNXR95655'], 'reactome.reaction': ['R-PFA-71401', 'R-XTR-71401', 'R-SCE-71401', 'R-SSC-71401', 'R-TGU-71401', 'R-ATH-71401', 'R-OSA-71401', 'R-SPO-71401', 'R-CEL-71401', 'R-RNO-71401', 'R-DRE-71401', 'R-GGA-373042', 'R-DDI-71401', 'R-CFA-71401', 'R-HSA-71401', 'R-BTA-71401', 'R-DME-71401', 'R-MMU-71401', 'R-GGA-71401'], 'rhea': ['27789', '27788', '27786', '27787'], 'sabiork': ['8163'], 'sbo': 'SBO:0000176', 'seed.reaction': ['rxn08094']}	
ATPS4r	ATP synthase (four protons for one ATP)	{'adp_c': -1.0, 'atp_c': 1.0, 'h2o_c': 1.0, 'h_c': 3.0, 'h_e': -4.0, 'pi_c': -1.0}	-1000.0	1000.0	((b3736 and b3737 and b3738) and (b3731 and b3732 and b3733 and b3734 and b3735)) or ((b3736 and b3737 and b3738) and (b3731 and b3732 and b3733 and b3734 and b3735) and b3739)	Oxidative Phosphorylation	{'original_bigg_ids': ['ATPS4r']}	{'bigg.reaction': ['ATPS4r'], 'biocyc': ['META:ATPSYN-RXN'], 'ec-code': ['3.6.3.14'], 'metanetx.reaction': ['MNXR96136'], 'sbo': 'SBO:0000185', 'seed.reaction': ['rxn08173', 'rxn10042']}	
PTAr	Phosphotransacetylase	{'accoa_c': -1.0, 'actp_c': 1.0, 'coa_c': 1.0, 'pi_c': -1.0}	-1000.0	1000.0	b2297 or b2458	Pyruvate Metabolism	{'original_bigg_ids': ['PTAr']}	{'bigg.reaction': ['PTAr'], 'biocyc': ['META:PHOSACETYLTRANS-RXN'], 'ec-code': ['2.3.1.8'], 'kegg.reaction': ['R00230'], 'metanetx.reaction': ['MNXR103319'], 'rhea': ['19521', '19523', '19522', '19524'], 'sabiork': ['72'], 'sbo': 'SBO:0000176', 'seed.reaction': ['rxn00173']}	
PYK	Pyruvate kinase	{'adp_c': -1.0, 'atp_c': 1.0, 'h_c': -1.0, 'pep_c': -1.0, 'pyr_c': 1.0}	0.0	1000.0	b1854 or b1676	Glycolysis/Gluconeogenesis	{'original_bigg_ids': ['PYK']}	{'bigg.reaction': ['PYK'], 'biocyc': ['META:PEPDEPHOS-RXN'], 'ec-code': ['2.7.1.40'], 'kegg.reaction': ['R00200'], 'metanetx.reaction': ['MNXR103371'], 'reactome.reaction': ['R-SSC-71670', 'R-GGA-353056', 'R-DRE-71670', 'R-OSA-71670', 'R-SPO-71670', 'R-DDI-71670', 'R-SCE-71670', 'R-CEL-71670', 'R-PFA-71670', 'R-HSA-71670', 'R-TGU-71670', 'R-DME-71670', 'R-ATH-71670', 'R-BTA-71670', 'R-MMU-71670', 'R-RNO-71670', 'R-GGA-71670', 'R-CFA-71670', 'R-XTR-71670'], 'rhea': ['18160', '18159', '18158', '18157'], 'sabiork': ['9'], 'sbo': 'SBO:0000176', 'seed.reaction': ['rxn00148']}	
BIOMASS_Ecoli_core_w_GAM	Biomass Objective Function with GAM	{'3pg_c': -1.496, 'accoa_c': -3.7478, 'adp_c': 59.81, 'akg_c': 4.1182, 'atp_c': -59.81, 'coa_c': 3.7478, 'e4p_c': -0.361, 'f6p_c': -0.0709, 'g3p_c': -0.129, 'g6p_c': -0.205, 'gln__L_c': -0.2557, 'glu__L_c': -4.9414, 'h2o_c': -59.81, 'h_c': 59.81, 'nad_c': -3.547, 'nadh_c': 3.547, 'nadp_c': 13.0279, 'nadph_c': -13.0279, 'oaa_c': -1.7867, 'pep_c': -0.5191, 'pi_c': 59.81, 'pyr_c': -2.8328, 'r5p_c': -0.8977}	0.0	1000.0		Biomass and maintenance functions	{'original_bigg_ids': ['Biomass_Ecoli_core_w_GAM']}	{'bigg.reaction': ['BIOMASS_Ecoli_core_w_GAM'], 'metanetx.reaction': ['MNXR96280'], 'sbo': 'SBO:0000629'}	1.0
PYRt2	Pyruvate transport in via proton symport	{'h_c': 1.0, 'h_e': -1.0, 'pyr_c': 1.0, 'pyr_e': -1.0}	-1000.0	1000.0		Transport, Extracellular	{'original_bigg_ids': ['PYRt2r']}	{'bigg.reaction': ['PYRt2'], 'metanetx.reaction': ['MNXR103385'], 'reactome.reaction': ['R-RNO-372347', 'R-HSA-372342', 'R-GGA-372359'], 'sbo': 'SBO:0000185', 'seed.reaction': ['rxn05469', 'rxn09832', 'rxn09717', 'rxn09217']}	
CO2t	CO2 transporter via diffusion	{'co2_c': 1.0, 'co2_e': -1.0}	-1000.0	1000.0	s0001	Transport, Extracellular	{'original_bigg_ids': ['CO2t']}	{'bigg.reaction': ['CO2t'], 'biocyc': ['META:TRANS-RXN0-545'], 'metanetx.reaction': ['MNXR96810'], 'reactome.reaction': ['R-DDI-1247645', 'R-CFA-1237069', 'R-TGU-1247649', 'R-CFA-1237042', 'R-CEL-1247645', 'R-XTR-1237069', 'R-HSA-1247645', 'R-OSA-1237042', 'R-GGA-1237042', 'R-BTA-1247645', 'R-GGA-1247649', 'R-RNO-1247645', 'R-XTR-1247645', 'R-TGU-1237042', 'R-SCE-1247649', 'R-MMU-1247649', 'R-CFA-1247649', 'R-GGA-1247645', 'R-SSC-1247645', 'R-BTA-1237069', 'R-RNO-1237069', 'R-SCE-1237042', 'R-DDI-1247649', 'R-SSC-1237042', 'R-DRE-1247649', 'R-DRE-1237042', 'R-DDI-1237042', 'R-DME-1237042', 'R-MMU-1237042', 'R-SSC-1247649', 'R-TGU-1237069', 'R-BTA-1247649', 'R-CFA-1247645', 'R-RNO-1247649', 'R-HSA-1237069', 'R-CEL-1237069', 'R-DDI-1237069', 'R-MMU-1237069', 'R-DME-1247645', 'R-ATH-1237042', 'R-OSA-1247649', 'R-HSA-1237042', 'R-DRE-1247645', 'R-HSA-1247649', 'R-MMU-1247645', 'R-DME-1237069', 'R-RNO-1237042', 'R-TGU-1247645', 'R-BTA-1237042', 'R-GGA-1237069', 'R-DME-1247649', 'R-SSC-1237069', 'R-DRE-1237069', 'R-ATH-1247649'], 'sbo': 'SBO:0000185', 'seed.reaction': ['rxn05467', 'rxn08237', 'rxn09706', 'rxn09821', 'rxn09775', 'rxn09876', 'rxn08238', 'rxn09860']}	
RPE	Ribulose 5-phosphate 3-epimerase	{'ru5p__D_c': -1.0, 'xu5p__D_c': 1.0}	-1000.0	1000.0	b3386 or b4301	Pentose Phosphate Pathway	{'original_bigg_ids': ['RPE']}	{'bigg.reaction': ['RPE'], 'biocyc': ['META:RIBULP3EPIM-RXN'], 'ec-code': ['5.1.3.1'], 'kegg.reaction': ['R01529'], 'metanetx.reaction': ['MNXR104083'], 'reactome.reaction': ['R-SPO-71303', 'R-CFA-199803', 'R-ATH-71303', 'R-SCE-71303', 'R-CFA-71303', 'R-DME-199803', 'R-XTR-199803', 'R-SSC-199803', 'R-GGA-199803', 'R-TGU-71303', 'R-OSA-199803', 'R-SSC-71303', 'R-MMU-71303', 'R-OSA-71303', 'R-HSA-71303', 'R-MMU-199803', 'R-XTR-71303', 'R-SPO-199803', 'R-SCE-199803', 'R-DDI-71303', 'R-RNO-71303', 'R-DME-71303', 'R-HSA-199803', 'R-DRE-71303', 'R-PFA-199803', 'R-CEL-199803', 'R-RNO-199803', 'R-PFA-71303', 'R-CEL-71303', 'R-TGU-199803', 'R-GGA-71303', 'R-DDI-199803', 'R-BTA-71303', 'R-ATH-199803', 'R-DRE-199803', 'R-BTA-199803'], 'rhea': ['13677', '13680', '13678', '13679'], 'sabiork': ['62'], 'sbo': 'SBO:0000176', 'seed.reaction': ['rxn01116']}	
CS	Citrate synthase	{'accoa_c': -1.0, 'cit_c': 1.0, 'coa_c': 1.0, 'h2o_c': -1.0, 'h_c': 1.0, 'oaa_c': -1.0}	0.0	1000.0	b0720	Citric Acid Cycle	{'original_bigg_ids': ['CS']}	{'bigg.reaction': ['CS'], 'biocyc': ['META:CITSYN-RXN', 'META:RXN-14905'], 'ec-code': ['2.3.3.16', '2.3.3.1', '2.3.3.3'], 'kegg.reaction': ['R00351'], 'metanetx.reaction': ['MNXR96920'], 'reactome.reaction': ['R-GGA-373006', 'R-GGA-70975', 'R-CEL-70975', 'R-HSA-70975', 'R-DRE-70975', 'R-MMU-70975', 'R-ATH-70975', 'R-SPO-70975', 'R-OSA-70975', 'R-SCE-70975', 'R-SSC-70975', 'R-DDI-70975', 'R-RNO-70975', 'R-DME-70975', 'R-PFA-70975', 'R-XTR-70975', 'R-CFA-70975', 'R-BTA-70975'], 'rhea': ['16847', '16846', '16845', '16848'], 'sabiork': ['267'], 'sbo': 'SBO:0000176', 'seed.reaction': ['rxn00256']}	
RPI	Ribose-5-phosphate isomerase	{'r5p_c': -1.0, 'ru5p__D_c': 1.0}	-1000.0	1000.0	b2914 or b4090	Pentose Phosphate Pathway	{'original_bigg_ids': ['RPI']}	{'bigg.reaction': ['RPI'], 'ec-code': ['5.3.1.6'], 'metanetx.reaction': ['MNXR104084'], 'sbo': 'SBO:0000176'}	
SUCCt2_2	Succinate transport via proton symport (2 H)	{'h_c': 2.0, 'h_e': -2.0, 'succ_c': 1.0, 'succ_e': -1.0}	0.0	1000.0	b3528	Transport, Extracellular	{'original_bigg_ids': ['SUCCt2_2']}	{'bigg.reaction': ['SUCCt2_2'], 'biocyc': ['META:TRANS-RXN-121'], 'metanetx.reaction': ['MNXR104620'], 'rhea': ['29305', '29306', '29304', '29303'], 'sbo': 'SBO:0000185', 'seed.reaction': ['rxn10154', 'rxn09269']}	
CYTBD	Cytochrome oxidase bd (ubiquinol-8: 2 protons)	{'h2o_c': 1.0, 'h_c': -2.0, 'h_e': 2.0, 'o2_c': -0.5, 'q8_c': 1.0, 'q8h2_c': -1.0}	0.0	1000.0	(b0978 and b0979) or (b0733 and b0734)	Oxidative Phosphorylation	{'original_bigg_ids': ['CYTBD']}	{'bigg.reaction': ['CYTBD'], 'metanetx.reaction': ['MNXR97031'], 'sbo': 'SBO:0000185', 'seed.reaction': ['rxn12494', 'rxn10112', 'rxn08288']}	
D_LACt2	D lactate transport via proton symport	{'h_c': 1.0, 'h_e': -1.0, 'lac__D_c': 1.0, 'lac__D_e': -1.0}	-1000.0	1000.0	b2975 or b3603	Transport, Extracellular	{'original_bigg_ids': ['D_LACt2']}	{'bigg.reaction': ['D_LACt2'], 'biocyc': ['META:TRANS-RXN0-515'], 'metanetx.reaction': ['MNXR97838'], 'sbo': 'SBO:0000185', 'seed.reaction': ['rxn10171', 'rxn09772', 'rxn08350']}	
ENO	Enolase	{'2pg_c': -1.0, 'h2o_c': 1.0, 'pep_c': 1.0}	-1000.0	1000.0	b2779	Glycolysis/Gluconeogenesis	{'original_bigg_ids': ['ENO']}	{'bigg.reaction': ['ENO'], 'biocyc': ['META:2PGADEHYDRAT-RXN'], 'ec-code': ['4.2.1.11'], 'kegg.reaction': ['R00658'], 'metanetx.reaction': ['MNXR97932'], 'reactome.reaction': ['R-BTA-71660', 'R-RNO-70494', 'R-TGU-71660', 'R-SSC-71660', 'R-GGA-352981', 'R-DME-70494', 'R-CFA-70494', 'R-OSA-70494', 'R-SCE-71660', 'R-GGA-353044', 'R-CFA-71660', 'R-GGA-70494', 'R-PFA-71660', 'R-SPO-71660', 'R-SPO-70494', 'R-DDI-70494', 'R-RNO-71660', 'R-MMU-70494', 'R-ATH-70494', 'R-SCE-70494', 'R-SSC-70494', 'R-HSA-70494', 'R-DME-71660', 'R-CEL-71660', 'R-HSA-71660', 'R-TGU-70494', 'R-XTR-71660', 'R-DRE-70494', 'R-DRE-71660', 'R-MMU-71660', 'R-ATH-71660', 'R-BTA-70494', 'R-CEL-70494', 'R-XTR-70494', 'R-DDI-71660', 'R-OSA-71660', 'R-PFA-70494', 'R-GGA-71660'], 'rhea': ['10166', '10165', '10164', '10167'], 'sabiork': ['8'], 'sbo': 'SBO:0000176', 'seed.reaction': ['rxn00459']}	
SUCCt3	Succinate transport out via proton antiport	{'h_c': 1.0, 'h_e': -1.0, 'succ_c': -1.0, 'succ_e': 1.0}	0.0	1000.0		Transport, Extracellular	{'original_bigg_ids': ['SUCCt3']}	{'bigg.reaction': ['SUCCt3'], 'metanetx.reaction': ['MNXR104623'], 'sbo': 'SBO:0000185', 'seed.reaction': ['rxn09270']}	
ETOHt2r	Ethanol reversible transport via proton symport	{'etoh_c': 1.0, 'etoh_e': -1.0, 'h_c': 1.0, 'h_e': -1.0}	-1000.0	1000.0		Transport, Extracellular	{'original_bigg_ids': ['ETOHt2r']}	{'bigg.reaction': ['ETOHt2r'], 'metanetx.reaction': ['MNXR97981'], 'sbo': 'SBO:0000185', 'seed.reaction': ['rxn10146', 'rxn08427']}	
SUCDi	Succinate dehydrogenase (irreversible)	{'fum_c': 1.0, 'q8_c': -1.0, 'q8h2_c': 1.0, 'succ_c': -1.0}	0.0	1000.0	b0721 and b0722 and b0723 and b0724	Oxidative Phosphorylation	{'original_bigg_ids': ['SUCDi']}	{'bigg.reaction': ['SUCDi'], 'metanetx.reaction': ['MNXR99641'], 'rhea': ['29190', '29189', '29187', '29188'], 'sbo': 'SBO:0000176', 'seed.reaction': ['rxn09272']}	
SUCOAS	Succinyl-CoA synthetase (ADP-forming)	{'adp_c': 1.0, 'atp_c': -1.0, 'coa_c': -1.0, 'pi_c': 1.0, 'succ_c': -1.0, 'succoa_c': 1.0}	-1000.0	1000.0	b0728 and b0729	Citric Acid Cycle	{'original_bigg_ids': ['SUCOAS']}	{'bigg.reaction': ['SUCOAS'], 'biocyc': ['META:SUCCCOASYN-RXN'], 'ec-code': ['6.2.1.5'], 'kegg.reaction': ['R00405'], 'metanetx.reaction': ['MNXR104635'], 'reactome.reaction': ['R-BTA-70997', 'R-GGA-372977', 'R-PFA-70997', 'R-GGA-373134', 'R-TGU-70997', 'R-XTR-70997', 'R-SSC-70997', 'R-HSA-70997', 'R-DRE-70997', 'R-SCE-70997', 'R-SPO-70997', 'R-DDI-70997', 'R-CFA-70997', 'R-OSA-70997', 'R-GGA-70997', 'R-RNO-70997', 'R-ATH-70997', 'R-MMU-70997'], 'rhea': ['17664', '17663', '17662', '17661'], 'sabiork': ['260'], 'sbo': 'SBO:0000176', 'seed.reaction': ['rxn00285']}	
TALA	Transaldolase	{'e4p_c': 1.0, 'f6p_c': 1.0, 'g3p_c': -1.0, 's7p_c': -1.0}	-1000.0	1000.0	b2464 or b0008	Pentose Phosphate Pathway	{'original_bigg_ids': ['TALA']}	{'bigg.reaction': ['TALA'], 'biocyc': ['META:TRANSALDOL-RXN'], 'ec-code': ['2.2.1.2'], 'kegg.reaction': ['R01827'], 'metanetx.reaction': ['MNXR104715'], 'rhea': ['17056', '17055', '17054', '17053'], 'sbo': 'SBO:0000176'}	
THD2	NAD(P) transhydrogenase	{'h_c': 2.0, 'h_e': -2.0, 'nad_c': 1.0, 'nadh_c': -1.0, 'nadp_c': -1.0, 'nadph_c': 1.0}	0.0	1000.0	b1602 and b1603	Oxidative Phosphorylation	{'original_bigg_ids': ['THD2']}	{'bigg.reaction': ['THD2'], 'ec-code': ['1.6.1.1'], 'metanetx.reaction': ['MNXR104805'], 'sbo': 'SBO:0000185', 'seed.reaction': ['rxn10125', 'rxn09295']}	
TKT1	Transketolase	{'g3p_c': 1.0, 'r5p_c': -1.0, 's7p_c': 1.0, 'xu5p__D_c': -1.0}	-1000.0	1000.0	b2935 or b2465	Pentose Phosphate Pathway	{'original_bigg_ids': ['TKT1']}	{'bigg.reaction': ['TKT1'], 'ec-code': ['2.2.1.1'], 'metanetx.reaction': ['MNXR104868'], 'sbo': 'SBO:0000176'}	
TKT2	Transketolase	{'e4p_c': -1.0, 'f6p_c': 1.0, 'g3p_c': 1.0, 'xu5p__D_c': -1.0}	-1000.0	1000.0	b2935 or b2465	Pentose Phosphate Pathway	{'original_bigg_ids': ['TKT2']}	{'bigg.reaction': ['TKT2'], 'biocyc': ['META:2TRANSKETO-RXN'], 'ec-code': ['2.2.1.1'], 'kegg.reaction': ['R01830'], 'metanetx.reaction': ['MNXR104869'], 'rhea': ['27627', '27628', '27626', '27629'], 'sbo': 'SBO:0000176'}	
TPI	Triose-phosphate isomerase	{'dhap_c': -1.0, 'g3p_c': 1.0}	-1000.0	1000.0	b3919	Glycolysis/Gluconeogenesis	{'original_bigg_ids': ['TPI']}	{'bigg.reaction': ['TPI'], 'biocyc': ['META:TRIOSEPISOMERIZATION-RXN'], 'ec-code': ['5.3.1.1'], 'kegg.reaction': ['R01015'], 'metanetx.reaction': ['MNXR104918'], 'reactome.reaction': ['R-RNO-70481', 'R-MMU-70481', 'R-XTR-70481', 'R-SSC-70481', 'R-GGA-352927', 'R-SCE-70454', 'R-CEL-70481', 'R-PFA-70454', 'R-XTR-70454', 'R-BTA-70481', 'R-BTA-70454', 'R-GGA-352914', 'R-ATH-70481', 'R-CFA-70454', 'R-OSA-70454', 'R-HSA-70481', 'R-DRE-70454', 'R-DME-70481', 'R-OSA-70481', 'R-DRE-70481', 'R-ATH-70454', 'R-HSA-70454', 'R-SSC-70454', 'R-DDI-70454', 'R-SCE-70481', 'R-CFA-70481', 'R-PFA-70481', 'R-DDI-70481', 'R-SPO-70454', 'R-SPO-70481', 'R-RNO-70454', 'R-MMU-70454', 'R-CEL-70454', 'R-GGA-70481', 'R-GGA-70454', 'R-DME-70454'], 'rhea': ['18587', '18588', '18586', '18585'], 'sabiork': ['4'], 'sbo': 'SBO:0000176', 'seed.reaction': ['rxn00747']}	
EX_ac_e	Acetate exchange	{'ac_e': -1.0}	0.0	1000.0		Extracellular exchange	{'original_bigg_ids': ['EX_ac_e']}	{'bigg.reaction': ['EX_ac_e'], 'biocyc': ['META:RXN0-1981', 'META:TRANS-RXN0-567'], 'metanetx.reaction': ['MNXR95431'], 'rhea': ['27817', '27814', '27816', '27815'], 'sabiork': ['12184'], 'sbo': 'SBO:0000627', 'seed.reaction': ['rxn09787', 'rxn09866', 'rxn10904', 'rxn08063']}	
EX_acald_e	Acetaldehyde exchange	{'acald_e': -1.0}	0.0	1000.0		Extracellular exchange	{'original_bigg_ids': ['EX_acald_e']}	{'bigg.reaction': ['EX_acald_e'], 'metanetx.reaction': ['MNXR95212'], 'reactome.reaction': ['R-HSA-449872'], 'sbo': 'SBO:0000627', 'seed.reaction': ['rxn09700', 'rxn08033', 'rxn13212', 'rxn08032']}	
EX_akg_e	2-Oxoglutarate exchange	{'akg_e': -1.0}	0.0	1000.0		Extracellular exchange	{'original_bigg_ids': ['EX_akg_e']}	{'bigg.reaction': ['EX_akg_e'], 'metanetx.reaction': ['MNXR95663'], 'sabiork': ['13794'], 'sbo': 'SBO:0000627', 'seed.reaction': ['rxn10923', 'rxn08096', 'rxn13220']}	
EX_co2_e	CO2 exchange	{'co2_e': -1.0}	-1000.0	1000.0		Extracellular exchange	{'original_bigg_ids': ['EX_co2_e']}	{'bigg.reaction': ['EX_co2_e'], 'biocyc': ['META:TRANS-RXN0-545'], 'metanetx.reaction': ['MNXR96810'], 'reactome.reaction': ['R-DDI-1247645', 'R-CFA-1237069', 'R-TGU-1247649', 'R-CFA-1237042', 'R-CEL-1247645', 'R-XTR-1237069', 'R-HSA-1247645', 'R-OSA-1237042', 'R-GGA-1237042', 'R-BTA-1247645', 'R-GGA-1247649', 'R-RNO-1247645', 'R-XTR-1247645', 'R-TGU-1237042', 'R-SCE-1247649', 'R-MMU-1247649', 'R-CFA-1247649', 'R-GGA-1247645', 'R-SSC-1247645', 'R-BTA-1237069', 'R-RNO-1237069', 'R-SCE-1237042', 'R-DDI-1247649', 'R-SSC-1237042', 'R-DRE-1247649', 'R-DRE-1237042', 'R-DDI-1237042', 'R-DME-1237042', 'R-MMU-1237042', 'R-SSC-1247649', 'R-TGU-1237069', 'R-BTA-1247649', 'R-CFA-1247645', 'R-RNO-1247649', 'R-HSA-1237069', 'R-CEL-1237069', 'R-DDI-1237069', 'R-MMU-1237069', 'R-DME-1247645', 'R-ATH-1237042', 'R-OSA-1247649', 'R-HSA-1237042', 'R-DRE-1247645', 'R-HSA-1247649', 'R-MMU-1247645', 'R-DME-1237069', 'R-RNO-1237042', 'R-TGU-1247645', 'R-BTA-1237042', 'R-GGA-1237069', 'R-DME-1247649', 'R-SSC-1237069', 'R-DRE-1237069', 'R-ATH-1247649'], 'sbo': 'SBO:0000627', 'seed.reaction': ['rxn05467', 'rxn08237', 'rxn09706', 'rxn09821', 'rxn09775', 'rxn09876', 'rxn08238', 'rxn09860']}	
EX_etoh_e	Ethanol exchange	{'etoh_e': -1.0}	0.0	1000.0		Extracellular exchange	{'original_bigg_ids': ['EX_etoh_e']}	{'bigg.reaction': ['EX_etoh_e'], 'biocyc': ['META:TRANS-RXN0-546'], 'metanetx.reaction': ['MNXR97980'], 'rhea': ['35269', '35267', '35270', '35268'], 'sbo': 'SBO:0000627', 'seed.reaction': ['rxn09683', 'rxn08428', 'rxn09764']}	
EX_for_e	Formate exchange	{'for_e': -1.0}	0.0	1000.0		Extracellular exchange	{'original_bigg_ids': ['EX_for_e']}	{'bigg.reaction': ['EX_for_e'], 'biocyc': ['META:TRANS-RXN-1'], 'metanetx.reaction': ['MNXR99620'], 'reactome.reaction': ['R-HSA-6803255'], 'rhea': ['29681', '29680', '29682', '29679'], 'sabiork': ['12483'], 'sbo': 'SBO:0000627', 'seed.reaction': ['rxn09754', 'rxn08525', 'rxn09682', 'rxn08526']}	
EX_fru_e	D-Fructose exchange	{'fru_e': -1.0}	0.0	1000.0		Extracellular exchange	{'original_bigg_ids': ['EX_fru_e']}	{'bigg.reaction': ['EX_fru_e'], 'metanetx.reaction': ['MNXR99663'], 'reactome.reaction': ['R-OSA-189222', 'R-XTR-189222', 'R-SCE-189222', 'R-ATH-189222', 'R-RNO-189222', 'R-DME-189222', 'R-TGU-189222', 'R-SSC-189222', 'R-CFA-189222', 'R-DRE-189222', 'R-HSA-189222', 'R-GGA-189222', 'R-BTA-189222', 'R-MMU-189222', 'R-DDI-189222'], 'sabiork': ['13415'], 'sbo': 'SBO:0000627', 'seed.reaction': ['rxn12996', 'rxn08537']}	
EX_fum_e	Fumarate exchange	{'fum_e': -1.0}	0.0	1000.0		Extracellular exchange	{'original_bigg_ids': ['EX_fum_e']}	{'bigg.reaction': ['EX_fum_e'], 'biocyc': ['META:TRANS-RXN0-553'], 'metanetx.reaction': ['MNXR99715'], 'sbo': 'SBO:0000627', 'seed.reaction': ['rxn08544', 'rxn11013']}	
EX_glc__D_e	D-Glucose exchange	{'glc__D_e': -1.0}	-10.0	1000.0		Extracellular exchange	{'original_bigg_ids': ['EX_glc_e']}	{'bigg.reaction': ['EX_glc__D_e'], 'biocyc': ['META:TRANS-RXN0-574'], 'metanetx.reaction': ['MNXR100188'], 'sabiork': ['7002', '601'], 'sbo': 'SBO:0000627', 'seed.reaction': ['rxn09875', 'rxn09679', 'rxn08617']}	
EX_gln__L_e	L-Glutamine exchange	{'gln__L_e': -1.0}	0.0	1000.0		Extracellular exchange	{'original_bigg_ids': ['EX_gln_L_e']}	{'bigg.reaction': ['EX_gln__L_e'], 'biocyc': ['META:TRANS-RXN-233'], 'metanetx.reaction': ['MNXR100259'], 'reactome.reaction': ['R-HSA-212651', 'R-BTA-212614', 'R-RNO-212614', 'R-SSC-212614', 'R-MMU-212614', 'R-HSA-212614', 'R-GGA-212614', 'R-CFA-212614', 'R-TGU-212614', 'R-SCE-212614'], 'sabiork': ['13421'], 'sbo': 'SBO:0000627', 'seed.reaction': ['rxn08625', 'rxn10928']}	
EX_glu__L_e	L-Glutamate exchange	{'glu__L_e': -1.0}	0.0	1000.0		Extracellular exchange	{'original_bigg_ids': ['EX_glu_L_e']}	{'bigg.reaction': ['EX_glu__L_e'], 'biocyc': ['META:TRANS-RXN-234', 'META:TRANS-RXN-232'], 'metanetx.reaction': ['MNXR100301'], 'reactome.reaction': ['R-HSA-212658', 'R-TGU-210439', 'R-GGA-210439', 'R-XTR-210439', 'R-RNO-210439', 'R-CFA-210439', 'R-CEL-210439', 'R-DME-210439', 'R-SSC-210439', 'R-HSA-210439', 'R-DRE-210439', 'R-MMU-210439', 'R-BTA-210439'], 'sabiork': ['12283'], 'sbo': 'SBO:0000627', 'seed.reaction': ['rxn08633', 'rxn09750', 'rxn13304', 'rxn13120', 'rxn10917']}	
EX_h_e	H+ exchange	{'h_e': -1.0}	-1000.0	1000.0		Extracellular exchange	{'original_bigg_ids': ['EX_h_e']}	{'bigg.reaction': ['EX_h_e'], 'biocyc': ['META:RXN-14452'], 'metanetx.reaction': ['MNXR100765'], 'reactome.reaction': ['R-HSA-2534378', 'R-DDI-74723', 'R-BTA-170026', 'R-CFA-170026', 'R-SCE-74723', 'R-DRE-74723', 'R-HSA-170026', 'R-TGU-2534378', 'R-HSA-74723', 'R-CFA-2534378', 'R-TGU-74723', 'R-OSA-170026', 'R-RNO-2534378', 'R-GGA-2534378', 'R-MMU-2534378', 'R-BTA-2534378', 'R-SSC-2534378', 'R-DRE-170026', 'R-TGU-170026', 'R-GGA-170026', 'R-SCE-170026', 'R-DRE-2534378', 'R-BTA-74723', 'R-SPO-74723', 'R-XTR-74723', 'R-RNO-74723', 'R-XTR-2534378', 'R-MMU-74723', 'R-CFA-74723', 'R-GGA-74723', 'R-CEL-170026', 'R-MMU-170026', 'R-ATH-74723', 'R-DME-74723', 'R-PFA-74723', 'R-SSC-74723', 'R-XTR-170026', 'R-SSC-170026', 'R-CEL-74723', 'R-ATH-170026', 'R-RNO-170026', 'R-DME-170026'], 'rhea': ['34980', '34981', '34982', '34979'], 'sbo': 'SBO:0000627', 'seed.reaction': ['rxn11009', 'rxn08730']}	
EX_h2o_e	H2O exchange	{'h2o_e': -1.0}	-1000.0	1000.0		Extracellular exchange	{'original_bigg_ids': ['EX_h2o_e']}	{'bigg.reaction': ['EX_h2o_e'], 'biocyc': ['META:TRANS-RXN-145', 'META:TRANS-RXN0-547'], 'metanetx.reaction': ['MNXR98641'], 'reactome.reaction': ['R-ATH-507868', 'R-CFA-432054', 'R-CFA-432010', 'R-RNO-507868', 'R-OSA-432065', 'R-GGA-432010', 'R-SPO-445714', 'R-PFA-445714', 'R-CFA-432065', 'R-GGA-432067', 'R-TGU-432054', 'R-TGU-445714', 'R-OSA-507868', 'R-DRE-507868', 'R-SPO-507868', 'R-BTA-432054', 'R-GGA-507870', 'R-OSA-432010', 'R-DME-432065', 'R-DRE-432067', 'R-PFA-507868', 'R-SSC-432054', 'R-HSA-432065', 'R-OSA-507870', 'R-HSA-432054', 'R-SSC-432065', 'R-CEL-507868', 'R-XTR-507868', 'R-ATH-507870', 'R-SCE-432065', 'R-BTA-507870', 'R-DME-432010', 'R-CFA-445714', 'R-DRE-445714', 'R-BTA-507868', 'R-GGA-507868', 'R-RNO-432054', 'R-RNO-432010', 'R-SSC-432067', 'R-CEL-445714', 'R-DDI-432065', 'R-ATH-432010', 'R-SCE-432054', 'R-MMU-432065', 'R-MMU-445714', 'R-GGA-432065', 'R-HSA-432067', 'R-SSC-507870', 'R-SCE-432067', 'R-RNO-507870', 'R-DME-432054', 'R-ATH-432067', 'R-BTA-445714', 'R-DRE-507870', 'R-DME-507868', 'R-DME-507870', 'R-DRE-432010', 'R-MMU-432010', 'R-HSA-445714', 'R-OSA-432054', 'R-RNO-432067', 'R-TGU-432010', 'R-TGU-507868', 'R-DDI-432054', 'R-PFA-507870', 'R-HSA-507870', 'R-XTR-432067', 'R-HSA-432010', 'R-SSC-507868', 'R-SCE-507870', 'R-CEL-507870', 'R-DDI-507868', 'R-DRE-432054', 'R-XTR-507870', 'R-DDI-432010', 'R-BTA-432065', 'R-CFA-432067', 'R-OSA-432067', 'R-ATH-432065', 'R-GGA-445714', 'R-SCE-507868', 'R-TGU-432065', 'R-MMU-432067', 'R-TGU-507870', 'R-CFA-507870', 'R-RNO-432065', 'R-MMU-432054', 'R-MMU-507868', 'R-SPO-507870', 'R-SCE-432010', 'R-MMU-507870', 'R-SSC-445714', 'R-HSA-507868', 'R-DME-432067', 'R-SSC-432010', 'R-TGU-432067', 'R-GGA-432054', 'R-BTA-432010', 'R-SCE-445714', 'R-DDI-507870', 'R-ATH-432054', 'R-DDI-432067', 'R-XTR-445714', 'R-BTA-432067', 'R-CFA-507868', 'R-RNO-445714'], 'rhea': ['29668', '29669', '29667', '29670'], 'sbo': 'SBO:0000627', 'seed.reaction': ['rxn08687', 'rxn08686', 'rxn09745', 'rxn09838', 'rxn09874', 'rxn09812', 'rxn09643', 'rxn05319']}	
EX_lac__D_e	D-lactate exchange	{'lac__D_e': -1.0}	0.0	1000.0		Extracellular exchange	{'original_bigg_ids': ['EX_lac_D_e']}	{'bigg.reaction': ['EX_lac__D_e'], 'metanetx.reaction': ['MNXR97840'], 'sabiork': ['12471'], 'sbo': 'SBO:0000627', 'seed.reaction': ['rxn08351']}	
EX_mal__L_e	L-Malate exchange	{'mal__L_e': -1.0}	0.0	1000.0		Extracellular exchange	{'original_bigg_ids': ['EX_mal_L_e']}	{'bigg.reaction': ['EX_mal__L_e'], 'biocyc': ['META:TRANS-RXN-225', 'META:TRANS-RXN-224'], 'metanetx.reaction': ['MNXR101367'], 'sabiork': ['13793'], 'sbo': 'SBO:0000627', 'seed.reaction': ['rxn10967', 'rxn08868']}	
EX_nh4_e	Ammonia exchange	{'nh4_e': -1.0}	-1000.0	1000.0		Extracellular exchange	{'original_bigg_ids': ['EX_nh4_e']}	{'bigg.reaction': ['EX_nh4_e'], 'biocyc': ['META:TRANS-RXN0-206', 'META:RXN-9615', 'META:TRANS-RXN0-544'], 'metanetx.reaction': ['MNXR101950'], 'reactome.reaction': ['R-CEL-444416', 'R-SSC-444416', 'R-DDI-444416', 'R-MMU-444416', 'R-DRE-444416', 'R-GGA-444416', 'R-CFA-444416', 'R-HSA-444416', 'R-XTR-444416', 'R-BTA-444416', 'R-RNO-444416', 'R-TGU-444416', 'R-DME-444416'], 'rhea': ['28749', '28748', '28750', '28747'], 'sabiork': ['11683'], 'sbo': 'SBO:0000627', 'seed.reaction': ['rxn13364', 'rxn09835', 'rxn05466', 'rxn08987', 'rxn08986', 'rxn09736']}	
EX_o2_e	O2 exchange	{'o2_e': -1.0}	-1000.0	1000.0		Extracellular exchange	{'original_bigg_ids': ['EX_o2_e']}	{'bigg.reaction': ['EX_o2_e'], 'biocyc': ['META:TRANS-RXN0-474'], 'metanetx.reaction': ['MNXR102090'], 'sbo': 'SBO:0000627', 'seed.reaction': ['rxn09641', 'rxn05468', 'rxn09031', 'rxn09032', 'rxn09734']}	
EX_pi_e	Phosphate exchange	{'pi_e': -1.0}	-1000.0	1000.0		Extracellular exchange	{'original_bigg_ids': ['EX_pi_e']}	{'bigg.reaction': ['EX_pi_e'], 'biocyc': ['META:TRANS-RXN0-470'], 'metanetx.reaction': ['MNXR102871'], 'rhea': ['32824', '32826', '32825', '32823'], 'sabiork': ['10985'], 'sbo': 'SBO:0000627', 'seed.reaction': ['rxn10838', 'rxn09722', 'rxn09121', 'rxn13178']}	
EX_pyr_e	Pyruvate exchange	{'pyr_e': -1.0}	0.0	1000.0		Extracellular exchange	{'original_bigg_ids': ['EX_pyr_e']}	{'bigg.reaction': ['EX_pyr_e'], 'biocyc': ['META:TRANS-RXN0-506', 'META:TRANS-RXN0-570'], 'metanetx.reaction': ['MNXR103384'], 'sabiork': ['12168'], 'sbo': 'SBO:0000627', 'seed.reaction': ['rxn10929', 'rxn09218']}	
EX_succ_e	Succinate exchange	{'succ_e': -1.0}	0.0	1000.0		Extracellular exchange	{'original_bigg_ids': ['EX_succ_e']}	{'bigg.reaction': ['EX_succ_e'], 'biocyc': ['META:TRANS-RXN0-552'], 'metanetx.reaction': ['MNXR104619'], 'sbo': 'SBO:0000627', 'seed.reaction': ['rxn10952', 'rxn09271']}	
FBA	Fructose-bisphosphate aldolase	{'dhap_c': 1.0, 'fdp_c': -1.0, 'g3p_c': 1.0}	-1000.0	1000.0	b2097 or b1773 or b2925	Glycolysis/Gluconeogenesis	{'original_bigg_ids': ['FBA']}	{'bigg.reaction': ['FBA'], 'ec-code': ['4.1.2.13'], 'kegg.reaction': ['R01068'], 'metanetx.reaction': ['MNXR99459'], 'rhea': ['14729', '14732', '14731', '14730'], 'sabiork': ['1338'], 'sbo': 'SBO:0000176', 'seed.reaction': ['rxn00786']}	
FBP	Fructose-bisphosphatase	{'f6p_c': 1.0, 'fdp_c': -1.0, 'h2o_c': -1.0, 'pi_c': 1.0}	0.0	1000.0	b3925 or b4232	Glycolysis/Gluconeogenesis	{'original_bigg_ids': ['FBP']}	{'bigg.reaction': ['FBP'], 'ec-code': ['3.1.3.11'], 'metanetx.reaction': ['MNXR99465'], 'rhea': ['11067', '11065', '11066', '11064'], 'sabiork': ['2084'], 'sbo': 'SBO:0000176'}	
FORt2	Formate transport in via proton symport	{'for_c': 1.0, 'for_e': -1.0, 'h_c': 1.0, 'h_e': -1.0}	0.0	1000.0	b0904 or b2492	Transport, Extracellular	{'original_bigg_ids': ['FORt2']}	{'bigg.reaction': ['FORt2'], 'metanetx.reaction': ['MNXR99621'], 'sbo': 'SBO:0000185', 'seed.reaction': ['rxn08524', 'rxn05559']}	
FORt	Formate transport via diffusion	{'for_c': 1.0, 'for_e': -1.0}	-1000.0	0.0	b0904 or b2492	Transport, Extracellular	{'original_bigg_ids': ['FORti']}	{'bigg.reaction': ['FORt'], 'biocyc': ['META:TRANS-RXN-1'], 'metanetx.reaction': ['MNXR99620'], 'reactome.reaction': ['R-HSA-6803255'], 'rhea': ['29681', '29680', '29682', '29679'], 'sabiork': ['12483'], 'sbo': 'SBO:0000185', 'seed.reaction': ['rxn09754', 'rxn08525', 'rxn09682', 'rxn08526']}	
FRD7	Fumarate reductase	{'fum_c': -1.0, 'q8_c': 1.0, 'q8h2_c': -1.0, 'succ_c': 1.0}	0.0	1000.0	b4151 and b4152 and b4153 and b4154	Oxidative Phosphorylation	{'original_bigg_ids': ['FRD7']}	{'bigg.reaction': ['FRD7'], 'metanetx.reaction': ['MNXR99641'], 'rhea': ['29190', '29189', '29187', '29188'], 'sbo': 'SBO:0000176', 'seed.reaction': ['rxn09272']}	
FRUpts2	Fructose transport via PEP:Pyr PTS (f6p generating)	{'f6p_c': 1.0, 'fru_e': -1.0, 'pep_c': -1.0, 'pyr_c': 1.0}	0.0	1000.0	b1817 and b1818 and b1819 and b2415 and b2416	Transport, Extracellular	{'original_bigg_ids': ['FRUpts2']}	{'bigg.reaction': ['FRUpts2'], 'metanetx.reaction': ['MNXR99662'], 'sbo': 'SBO:0000185'}	
FUM	Fumarase	{'fum_c': -1.0, 'h2o_c': -1.0, 'mal__L_c': 1.0}	-1000.0	1000.0	b1612 or b4122 or b1611	Citric Acid Cycle	{'original_bigg_ids': ['FUM']}	{'bigg.reaction': ['FUM'], 'biocyc': ['META:FUMHYDR-RXN'], 'ec-code': ['4.2.1.2'], 'kegg.reaction': ['R01082'], 'metanetx.reaction': ['MNXR99705'], 'reactome.reaction': ['R-TGU-451033', 'R-TGU-70982', 'R-HSA-70982', 'R-ATH-451033', 'R-SPO-70982', 'R-SPO-451033', 'R-XTR-451033', 'R-MMU-70982', 'R-DRE-70982', 'R-DME-70982', 'R-DME-451033', 'R-HSA-451033', 'R-SCE-451033', 'R-DDI-451033', 'R-OSA-451033', 'R-CFA-70982', 'R-XTR-70982', 'R-MMU-451033', 'R-OSA-70982', 'R-BTA-70982', 'R-DRE-451033', 'R-GGA-373141', 'R-RNO-451033', 'R-CEL-451033', 'R-ATH-70982', 'R-GGA-373145', 'R-CEL-70982', 'R-BTA-451033', 'R-SSC-451033', 'R-SCE-70982', 'R-CFA-451033', 'R-RNO-70982', 'R-GGA-70982', 'R-DDI-70982', 'R-GGA-451033', 'R-SSC-70982'], 'rhea': ['12463', '12461', '12462', '12460'], 'sabiork': ['256'], 'sbo': 'SBO:0000176', 'seed.reaction': ['rxn00799']}	
FUMt2_2	Fumarate transport via proton symport (2 H)	{'fum_c': 1.0, 'fum_e': -1.0, 'h_c': 2.0, 'h_e': -2.0}	0.0	1000.0	b3528	Transport, Extracellular	{'original_bigg_ids': ['FUMt2_2']}	{'bigg.reaction': ['FUMt2_2'], 'biocyc': ['META:TRANS-RXN-121B'], 'metanetx.reaction': ['MNXR99711'], 'rhea': ['29332', '29334', '29333', '29331'], 'sbo': 'SBO:0000185', 'seed.reaction': ['rxn08542', 'rxn10152']}	
G6PDH2r	Glucose 6-phosphate dehydrogenase	{'6pgl_c': 1.0, 'g6p_c': -1.0, 'h_c': 1.0, 'nadp_c': -1.0, 'nadph_c': 1.0}	-1000.0	1000.0	b1852	Pentose Phosphate Pathway	{'original_bigg_ids': ['G6PDH2r']}	{'bigg.reaction': ['G6PDH2r'], 'biocyc': ['META:GLU6PDEHYDROG-RXN'], 'ec-code': ['1.1.1.363', '1.1.1.49'], 'kegg.reaction': ['R00835'], 'metanetx.reaction': ['MNXR99907'], 'rhea': ['15842', '15843', '15841', '15844'], 'sabiork': ['1176', '6509'], 'sbo': 'SBO:0000176', 'seed.reaction': ['rxn00604']}	
GAPD	Glyceraldehyde-3-phosphate dehydrogenase	{'13dpg_c': 1.0, 'g3p_c': -1.0, 'h_c': 1.0, 'nad_c': -1.0, 'nadh_c': 1.0, 'pi_c': -1.0}	-1000.0	1000.0	b1779	Glycolysis/Gluconeogenesis	{'original_bigg_ids': ['GAPD']}	{'bigg.reaction': ['GAPD'], 'biocyc': ['META:GAPOXNPHOSPHN-RXN'], 'ec-code': ['1.2.1.12', '1.2.1.59'], 'kegg.reaction': ['R01061'], 'metanetx.reaction': ['MNXR100040'], 'reactome.reaction': ['R-ATH-70482', 'R-DME-70449', 'R-PFA-70482', 'R-SPO-70449', 'R-DRE-70449', 'R-CEL-70449', 'R-CEL-70482', 'R-CFA-70449', 'R-MMU-70482', 'R-HSA-70449', 'R-OSA-70482', 'R-GGA-352956', 'R-RNO-70449', 'R-SCE-70449', 'R-SSC-70482', 'R-ATH-70449', 'R-GGA-70482', 'R-OSA-70449', 'R-GGA-352921', 'R-DDI-70449', 'R-SPO-70482', 'R-TGU-70482', 'R-SCE-70482', 'R-HSA-70482', 'R-DME-70482', 'R-PFA-70449', 'R-XTR-70449', 'R-DRE-70482', 'R-XTR-70482', 'R-GGA-70449', 'R-RNO-70482', 'R-SSC-70449', 'R-DDI-70482', 'R-TGU-70449', 'R-MMU-70449', 'R-CFA-70482', 'R-BTA-70449', 'R-BTA-70482'], 'rhea': ['10303', '10300', '10302', '10301'], 'sabiork': ['7844'], 'sbo': 'SBO:0000176', 'seed.reaction': ['rxn00781']}	
GLCpts	D-glucose transport via PEP:Pyr PTS	{'g6p_c': 1.0, 'glc__D_e': -1.0, 'pep_c': -1.0, 'pyr_c': 1.0}	0.0	1000.0	(b2417 and b1101 and b2415 and b2416) or (b1817 and b1818 and b1819 and b2415 and b2416) or (b2417 and b1621 and b2415 and b2416)	Transport, Extracellular	{'original_bigg_ids': ['GLCpts']}	{'bigg.reaction': ['GLCpts'], 'metanetx.reaction': ['MNXR100237'], 'sbo': 'SBO:0000185', 'seed.reaction': ['rxn08612', 'rxn05226']}	
GLNS	Glutamine synthetase	{'adp_c': 1.0, 'atp_c': -1.0, 'gln__L_c': 1.0, 'glu__L_c': -1.0, 'h_c': 1.0, 'nh4_c': -1.0, 'pi_c': 1.0}	0.0	1000.0	b3870 or b1297	Glutamate Metabolism	{'original_bigg_ids': ['GLNS']}	{'bigg.reaction': ['GLNS'], 'biocyc': ['META:GLUTAMINESYN-RXN'], 'ec-code': ['6.3.1.2'], 'kegg.reaction': ['R00253'], 'metanetx.reaction': ['MNXR100024'], 'reactome.reaction': ['R-GGA-70606', 'R-RNO-70606', 'R-TGU-70606', 'R-DME-70606', 'R-CEL-70606', 'R-DRE-70606', 'R-XTR-70606', 'R-SPO-70606', 'R-ATH-70606', 'R-CFA-70606', 'R-BTA-70606', 'R-OSA-70606', 'R-SSC-70606', 'R-MMU-70606', 'R-HSA-70606', 'R-SCE-70606'], 'rhea': ['16172', '16171', '16169', '16170'], 'sabiork': ['760'], 'sbo': 'SBO:0000176', 'seed.reaction': ['rxn00187']}	
GLNabc	L-glutamine transport via ABC system	{'adp_c': 1.0, 'atp_c': -1.0, 'gln__L_c': 1.0, 'gln__L_e': -1.0, 'h2o_c': -1.0, 'h_c': 1.0, 'pi_c': 1.0}	0.0	1000.0	b0811 and b0810 and b0809	Transport, Extracellular	{'original_bigg_ids': ['GLNabc']}	{'bigg.reaction': ['GLNabc'], 'biocyc': ['META:ABC-12-RXN'], 'ec-code': ['3.6.3.21'], 'metanetx.reaction': ['MNXR100258'], 'rhea': ['29895#1', '29897#1', '29898#1', '29896#1'], 'sbo': 'SBO:0000185', 'seed.reaction': ['rxn11233', 'rxn05196', 'rxn05155', 'rxn11101', 'rxn08624']}	
GLUDy	Glutamate dehydrogenase (NADP)	{'akg_c': 1.0, 'glu__L_c': -1.0, 'h2o_c': -1.0, 'h_c': 1.0, 'nadp_c': -1.0, 'nadph_c': 1.0, 'nh4_c': 1.0}	-1000.0	1000.0	b1761	Glutamate Metabolism	{'original_bigg_ids': ['GLUDy']}	{'bigg.reaction': ['GLUDy'], 'biocyc': ['META:GLUTDEHYD-RXN'], 'ec-code': ['1.4.1.13', '1.4.1.3', '1.4.1.4'], 'kegg.reaction': ['R00248'], 'metanetx.reaction': ['MNXR100086'], 'rhea': ['11613', '11614', '11612', '11615'], 'sabiork': ['757'], 'sbo': 'SBO:0000176', 'seed.reaction': ['rxn00184']}	
GLUN	Glutaminase	{'gln__L_c': -1.0, 'glu__L_c': 1.0, 'h2o_c': -1.0, 'nh4_c': 1.0}	0.0	1000.0	b1812 or b0485 or b1524	Glutamate Metabolism	{'original_bigg_ids': ['GLUN']}	{'bigg.reaction': ['GLUN'], 'biocyc': ['META:GLUTAMIN-RXN'], 'ec-code': ['6.3.5.2', '4.3.3.6', '6.3.5.5', '1.4.7.1', '6.3.5.4', '3.5.1.2', '6.3.4.2', '1.4.1.13', '3.5.1.38'], 'kegg.reaction': ['R00256'], 'metanetx.reaction': ['MNXR100030'], 'reactome.reaction': ['R-TGU-70609', 'R-XTR-70609', 'R-SSC-70609', 'R-GGA-70609', 'R-DDI-70609', 'R-MMU-70609', 'R-DME-70609', 'R-RNO-70609', 'R-CEL-70609', 'R-BTA-70609', 'R-DRE-70609', 'R-HSA-70609', 'R-CFA-70609'], 'rhea': ['15892', '15889', '15891', '15890'], 'sabiork': ['762'], 'sbo': 'SBO:0000176', 'seed.reaction': ['rxn00189']}	
GLUSy	Glutamate synthase (NADPH)	{'akg_c': -1.0, 'gln__L_c': -1.0, 'glu__L_c': 2.0, 'h_c': -1.0, 'nadp_c': 1.0, 'nadph_c': -1.0}	0.0	1000.0	b3212 and b3213	Glutamate Metabolism	{'original_bigg_ids': ['GLUSy']}	{'bigg.reaction': ['GLUSy'], 'biocyc': ['META:GLUTAMATESYN-RXN'], 'ec-code': ['1.4.1.13'], 'kegg.reaction': ['R00114'], 'metanetx.reaction': ['MNXR100291'], 'rhea': ['15503', '15501', '15504', '15502'], 'sabiork': ['694'], 'sbo': 'SBO:0000176', 'seed.reaction': ['rxn00085']}	
GLUt2r	L glutamate transport via proton symport  reversible	{'glu__L_c': 1.0, 'glu__L_e': -1.0, 'h_c': 1.0, 'h_e': -1.0}	-1000.0	1000.0	b4077	Transport, Extracellular	{'original_bigg_ids': ['GLUt2r']}	{'bigg.reaction': ['GLUt2r'], 'metanetx.reaction': ['MNXR100300'], 'reactome.reaction': ['R-SCE-8875623', 'R-MMU-8875623', 'R-TGU-8875623', 'R-XTR-8875623', 'R-SSC-8875623', 'R-DME-8875623', 'R-CEL-8875623', 'R-DRE-8875623', 'R-GGA-8875623', 'R-HSA-8875623', 'R-RNO-8875623', 'R-DDI-8875623', 'R-CFA-8875623', 'R-BTA-8875623'], 'sbo': 'SBO:0000185', 'seed.reaction': ['rxn05297', 'rxn09813', 'rxn13303', 'rxn09751', 'rxn08631']}	
GND	Phosphogluconate dehydrogenase	{'6pgc_c': -1.0, 'co2_c': 1.0, 'nadp_c': -1.0, 'nadph_c': 1.0, 'ru5p__D_c': 1.0}	0.0	1000.0	b2029	Pentose Phosphate Pathway	{'original_bigg_ids': ['GND']}	{'bigg.reaction': ['GND'], 'biocyc': ['META:RXN-9952'], 'ec-code': ['1.1.1.44', '1.1.1.351'], 'kegg.reaction': ['R01528'], 'metanetx.reaction': ['MNXR100389'], 'reactome.reaction': ['R-PFA-71299', 'R-GGA-71299', 'R-HSA-71299', 'R-SPO-71299', 'R-XTR-71299', 'R-ATH-71299', 'R-TGU-71299', 'R-OSA-71299', 'R-MMU-71299', 'R-DRE-71299', 'R-SCE-71299', 'R-SSC-71299', 'R-DDI-71299', 'R-CFA-71299', 'R-DME-71299', 'R-BTA-71299', 'R-CEL-71299'], 'rhea': ['10116', '10117', '10118', '10119'], 'sabiork': ['108'], 'sbo': 'SBO:0000176', 'seed.reaction': ['rxn01115']}	
H2Ot	H2O transport via diffusion	{'h2o_c': 1.0, 'h2o_e': -1.0}	-1000.0	1000.0	b0875 or s0001	Transport, Extracellular	{'original_bigg_ids': ['H2Ot']}	{'bigg.reaction': ['H2Ot'], 'biocyc': ['META:TRANS-RXN-145', 'META:TRANS-RXN0-547'], 'metanetx.reaction': ['MNXR98641'], 'reactome.reaction': ['R-ATH-507868', 'R-CFA-432054', 'R-CFA-432010', 'R-RNO-507868', 'R-OSA-432065', 'R-GGA-432010', 'R-SPO-445714', 'R-PFA-445714', 'R-CFA-432065', 'R-GGA-432067', 'R-TGU-432054', 'R-TGU-445714', 'R-OSA-507868', 'R-DRE-507868', 'R-SPO-507868', 'R-BTA-432054', 'R-GGA-507870', 'R-OSA-432010', 'R-DME-432065', 'R-DRE-432067', 'R-PFA-507868', 'R-SSC-432054', 'R-HSA-432065', 'R-OSA-507870', 'R-HSA-432054', 'R-SSC-432065', 'R-CEL-507868', 'R-XTR-507868', 'R-ATH-507870', 'R-SCE-432065', 'R-BTA-507870', 'R-DME-432010', 'R-CFA-445714', 'R-DRE-445714', 'R-BTA-507868', 'R-GGA-507868', 'R-RNO-432054', 'R-RNO-432010', 'R-SSC-432067', 'R-CEL-445714', 'R-DDI-432065', 'R-ATH-432010', 'R-SCE-432054', 'R-MMU-432065', 'R-MMU-445714', 'R-GGA-432065', 'R-HSA-432067', 'R-SSC-507870', 'R-SCE-432067', 'R-RNO-507870', 'R-DME-432054', 'R-ATH-432067', 'R-BTA-445714', 'R-DRE-507870', 'R-DME-507868', 'R-DME-507870', 'R-DRE-432010', 'R-MMU-432010', 'R-HSA-445714', 'R-OSA-432054', 'R-RNO-432067', 'R-TGU-432010', 'R-TGU-507868', 'R-DDI-432054', 'R-PFA-507870', 'R-HSA-507870', 'R-XTR-432067', 'R-HSA-432010', 'R-SSC-507868', 'R-SCE-507870', 'R-CEL-507870', 'R-DDI-507868', 'R-DRE-432054', 'R-XTR-507870', 'R-DDI-432010', 'R-BTA-432065', 'R-CFA-432067', 'R-OSA-432067', 'R-ATH-432065', 'R-GGA-445714', 'R-SCE-507868', 'R-TGU-432065', 'R-MMU-432067', 'R-TGU-507870', 'R-CFA-507870', 'R-RNO-432065', 'R-MMU-432054', 'R-MMU-507868', 'R-SPO-507870', 'R-SCE-432010', 'R-MMU-507870', 'R-SSC-445714', 'R-HSA-507868', 'R-DME-432067', 'R-SSC-432010', 'R-TGU-432067', 'R-GGA-432054', 'R-BTA-432010', 'R-SCE-445714', 'R-DDI-507870', 'R-ATH-432054', 'R-DDI-432067', 'R-XTR-445714', 'R-BTA-432067', 'R-CFA-507868', 'R-RNO-445714'], 'rhea': ['29668', '29669', '29667', '29670'], 'sbo': 'SBO:0000185', 'seed.reaction': ['rxn08687', 'rxn08686', 'rxn09745', 'rxn09838', 'rxn09874', 'rxn09812', 'rxn09643', 'rxn05319']}	
ICDHyr	Isocitrate dehydrogenase (NADP)	{'akg_c': 1.0, 'co2_c': 1.0, 'icit_c': -1.0, 'nadp_c': -1.0, 'nadph_c': 1.0}	-1000.0	1000.0	b1136	Citric Acid Cycle	{'original_bigg_ids': ['ICDHyr']}	{'bigg.reaction': ['ICDHyr'], 'ec-code': ['1.1.1.42'], 'kegg.reaction': ['R00267'], 'metanetx.reaction': ['MNXR100781'], 'rhea': ['19629', '19630', '19631', '19632'], 'sabiork': ['269'], 'sbo': 'SBO:0000176', 'seed.reaction': ['rxn00198']}	
ICL	Isocitrate lyase	{'glx_c': 1.0, 'icit_c': -1.0, 'succ_c': 1.0}	0.0	1000.0	b4015	Anaplerotic reactions	{'original_bigg_ids': ['ICL']}	{'bigg.reaction': ['ICL'], 'ec-code': ['4.1.3.1'], 'kegg.reaction': ['R00479'], 'metanetx.reaction': ['MNXR100789'], 'rhea': ['13248', '13245', '13246', '13247'], 'sabiork': ['911'], 'sbo': 'SBO:0000176', 'seed.reaction': ['rxn00336']}	
LDH_D	D-lactate dehydrogenase	{'h_c': 1.0, 'lac__D_c': -1.0, 'nad_c': -1.0, 'nadh_c': 1.0, 'pyr_c': 1.0}	-1000.0	1000.0	b2133 or b1380	Pyruvate Metabolism	{'original_bigg_ids': ['LDH_D']}	{'bigg.reaction': ['LDH_D'], 'biocyc': ['META:DLACTDEHYDROGNAD-RXN'], 'ec-code': ['1.1.1.28'], 'kegg.reaction': ['R00704'], 'metanetx.reaction': ['MNXR101037'], 'rhea': ['16370', '16371', '16372', '16369'], 'sabiork': ['155'], 'sbo': 'SBO:0000176', 'seed.reaction': ['rxn00500']}	
MALS	Malate synthase	{'accoa_c': -1.0, 'coa_c': 1.0, 'glx_c': -1.0, 'h2o_c': -1.0, 'h_c': 1.0, 'mal__L_c': 1.0}	0.0	1000.0	b4014 or b2976	Anaplerotic reactions	{'original_bigg_ids': ['MALS']}	{'bigg.reaction': ['MALS'], 'biocyc': ['META:MALSYN-RXN'], 'ec-code': ['2.3.3.9'], 'kegg.reaction': ['R00472'], 'metanetx.reaction': ['MNXR101347'], 'rhea': ['18181', '18182', '18184', '18183'], 'sbo': 'SBO:0000176', 'seed.reaction': ['rxn00330']}	
MALt2_2	Malate transport via proton symport (2 H)	{'h_c': 2.0, 'h_e': -2.0, 'mal__L_c': 1.0, 'mal__L_e': -1.0}	0.0	1000.0	b3528	Transport, Extracellular	{'original_bigg_ids': ['MALt2_2']}	{'bigg.reaction': ['MALt2_2'], 'biocyc': ['META:TRANS-RXN-121A'], 'metanetx.reaction': ['MNXR101370'], 'rhea': ['29341', '29340', '29342', '29339'], 'sbo': 'SBO:0000185', 'seed.reaction': ['rxn08865', 'rxn10153']}	
MDH	Malate dehydrogenase	{'h_c': 1.0, 'mal__L_c': -1.0, 'nad_c': -1.0, 'nadh_c': 1.0, 'oaa_c': 1.0}	-1000.0	1000.0	b3236	Citric Acid Cycle	{'original_bigg_ids': ['MDH']}	{'bigg.reaction': ['MDH'], 'biocyc': ['META:MALATE-DEH-RXN'], 'ec-code': ['1.1.1.37', '1.1.1.299'], 'kegg.reaction': ['R00342'], 'metanetx.reaction': ['MNXR101439'], 'reactome.reaction': ['R-BTA-70979', 'R-BTA-198508', 'R-SCE-70979', 'R-GGA-70979', 'R-MMU-71783', 'R-RNO-71783', 'R-DDI-198508', 'R-CFA-71783', 'R-CFA-198508', 'R-ATH-70979', 'R-DME-198508', 'R-TGU-71783', 'R-HSA-71783', 'R-BTA-71783', 'R-DRE-198508', 'R-SPO-70979', 'R-GGA-71783', 'R-TGU-198508', 'R-GGA-372422', 'R-CEL-71783', 'R-XTR-70979', 'R-RNO-198508', 'R-MMU-70979', 'R-SPO-71783', 'R-ATH-71783', 'R-MMU-198508', 'R-DME-70979', 'R-TGU-70979', 'R-CEL-198508', 'R-DME-71783', 'R-DRE-70979', 'R-OSA-71783', 'R-SSC-198508', 'R-GGA-372855', 'R-SSC-70979', 'R-OSA-70979', 'R-GGA-373047', 'R-GGA-198508', 'R-SSC-71783', 'R-HSA-70979', 'R-CFA-70979', 'R-XTR-71783', 'R-HSA-198508', 'R-XTR-198508', 'R-SCE-71783', 'R-RNO-70979', 'R-DRE-71783', 'R-CEL-70979'], 'rhea': ['21432', '21433', '21434', '21435'], 'sabiork': ['113'], 'sbo': 'SBO:0000176', 'seed.reaction': ['rxn00248']}	
ME1	Malic enzyme (NAD)	{'co2_c': 1.0, 'mal__L_c': -1.0, 'nad_c': -1.0, 'nadh_c': 1.0, 'pyr_c': 1.0}	0.0	1000.0	b1479	Anaplerotic reactions	{'original_bigg_ids': ['ME1']}	{'bigg.reaction': ['ME1'], 'biocyc': ['META:1.1.1.39-RXN'], 'ec-code': ['1.1.1.38', '1.1.1.39'], 'kegg.reaction': ['R00214'], 'metanetx.reaction': ['MNXR101446'], 'rhea': ['12655', '12654', '12653', '12656'], 'sabiork': ['141'], 'sbo': 'SBO:0000176', 'seed.reaction': ['rxn00159']}	
ME2	Malic enzyme (NADP)	{'co2_c': 1.0, 'mal__L_c': -1.0, 'nadp_c': -1.0, 'nadph_c': 1.0, 'pyr_c': 1.0}	0.0	1000.0	b2463	Anaplerotic reactions	{'original_bigg_ids': ['ME2']}	{'bigg.reaction': ['ME2'], 'biocyc': ['META:MALIC-NADP-RXN'], 'ec-code': ['1.1.1.40'], 'kegg.reaction': ['R00216'], 'metanetx.reaction': ['MNXR101443'], 'rhea': ['18255', '18256', '18254', '18253'], 'sabiork': ['142'], 'sbo': 'SBO:0000176', 'seed.reaction': ['rxn00161']}	
NADH16	NADH dehydrogenase (ubiquinone-8 & 3 protons)	{'h_c': -4.0, 'h_e': 3.0, 'nad_c': 1.0, 'nadh_c': -1.0, 'q8_c': -1.0, 'q8h2_c': 1.0}	0.0	1000.0	b2276 and b2277 and b2278 and b2279 and b2280 and b2281 and b2282 and b2283 and b2284 and b2285 and b2286 and b2287 and b2288	Oxidative Phosphorylation	{'original_bigg_ids': ['NADH16']}	{'bigg.reaction': ['NADH16'], 'ec-code': ['1.6.5.3'], 'metanetx.reaction': ['MNXR101864'], 'sbo': 'SBO:0000185', 'seed.reaction': ['rxn08972']}	
NADTRHD	NAD transhydrogenase	{'nad_c': -1.0, 'nadh_c': 1.0, 'nadp_c': 1.0, 'nadph_c': -1.0}	0.0	1000.0	b3962 or (b1602 and b1603)	Oxidative Phosphorylation	{'original_bigg_ids': ['NADTRHD']}	{'bigg.reaction': ['NADTRHD'], 'biocyc': ['META:PYRNUTRANSHYDROGEN-RXN'], 'ec-code': ['1.6.1.3', '1.6.1.2', '1.6.1.1'], 'kegg.reaction': ['R00112'], 'metanetx.reaction': ['MNXR101898'], 'rhea': ['11692', '11695', '11694', '11693'], 'sbo': 'SBO:0000176', 'seed.reaction': ['rxn00083']}	
NH4t	Ammonia reversible transport	{'nh4_c': 1.0, 'nh4_e': -1.0}	-1000.0	1000.0	s0001 or b0451	Inorganic Ion Transport and Metabolism	{'original_bigg_ids': ['NH4t']}	{'bigg.reaction': ['NH4t'], 'biocyc': ['META:TRANS-RXN0-206', 'META:RXN-9615', 'META:TRANS-RXN0-544'], 'metanetx.reaction': ['MNXR101950'], 'reactome.reaction': ['R-CEL-444416', 'R-SSC-444416', 'R-DDI-444416', 'R-MMU-444416', 'R-DRE-444416', 'R-GGA-444416', 'R-CFA-444416', 'R-HSA-444416', 'R-XTR-444416', 'R-BTA-444416', 'R-RNO-444416', 'R-TGU-444416', 'R-DME-444416'], 'rhea': ['28749', '28748', '28750', '28747'], 'sabiork': ['11683'], 'sbo': 'SBO:0000185', 'seed.reaction': ['rxn13364', 'rxn09835', 'rxn05466', 'rxn08987', 'rxn08986', 'rxn09736']}	
O2t	O2 transport  diffusion 	{'o2_c': 1.0, 'o2_e': -1.0}	-1000.0	1000.0	s0001	Transport, Extracellular	{'original_bigg_ids': ['O2t']}	{'bigg.reaction': ['O2t'], 'biocyc': ['META:TRANS-RXN0-474'], 'metanetx.reaction': ['MNXR102090'], 'sbo': 'SBO:0000185', 'seed.reaction': ['rxn09641', 'rxn05468', 'rxn09031', 'rxn09032', 'rxn09734']}	
PDH	Pyruvate dehydrogenase	{'accoa_c': 1.0, 'co2_c': 1.0, 'coa_c': -1.0, 'nad_c': -1.0, 'nadh_c': 1.0, 'pyr_c': -1.0}	0.0	1000.0	b0114 and b0115 and b0116	Glycolysis/Gluconeogenesis	{'original_bigg_ids': ['PDH']}	{'bigg.reaction': ['PDH'], 'biocyc': ['META:PYRUVDEH-RXN'], 'ec-code': ['1.2.1', '1.8.1.4', '1.2.1.51', '1.2.4.1', '2.3.1.12'], 'kegg.reaction': ['R00209'], 'metanetx.reaction': ['MNXR102425'], 'reactome.reaction': ['R-RNO-71397', 'R-OSA-71397', 'R-GGA-373177', 'R-DME-71397', 'R-TGU-71397', 'R-XTR-71397', 'R-CFA-71397', 'R-BTA-71397', 'R-HSA-71397', 'R-GGA-71397', 'R-SPO-71397', 'R-CEL-71397', 'R-DDI-71397', 'R-DRE-71397', 'R-SSC-71397', 'R-SCE-71397', 'R-ATH-71397', 'R-MMU-71397'], 'rhea': ['28043', '28045', '28044', '28042'], 'sabiork': ['523'], 'sbo': 'SBO:0000176', 'seed.reaction': ['rxn00154']}	
