,unip_id_a,unip_id_b,pos_a,pos_b,pep_a,pep_b,res_pos_a,res_pos_b,pdb_id,pdb_method,pdb_resolution,chain_a,chain_b,pdb_pos_a,pdb_pos_b,pLDDT_a,pLDDT_b,topo_dist,eucl_dist,homo_pep_overl,evidence,XL_type,XL_confirmed,swiss_model_homology
0,Q9DC69,P12787,189,68,AVGEKEVR,KGMNTLVGYDLVPEPK, , ,-,-,-,-,-,,,-,-,,,False,,inter,False,
1,P56382,Q03265,37,503,ANAEKTSGSSIK,GYLDKLEPSKITK, ,,6TT7,ELECTRON MICROSCOPY,3.5,I,A,37.0,460.0,-,-,29.273,29.187,False,,inter,True,
2,Q9D6J6,Q3U422,211,57,AGKVPKPGPR,TQSVLKEPEPTDTTTYK,3,6,-,-,-,-,-,,,-,-,,,False,,inter,False,
3,Q91YT0,Q3U422,54,57,LKGALR,TQSVLKEPEPTDTTTYK,2,6,-,-,-,-,-,,,-,-,,,False,,inter,False,
4,Q91YT0,Q3U422,64,57,RGDWYKTK,TQSVLKEPEPTDTTTYK,6,6,-,-,-,-,-,,,-,-,,,False,,inter,False,
5,Q9CQ75,Q9CQ75,13,98,AVGAKLGLR,AMQNVLSGKA, ,,afQ9CQ75,ALPHAFOLD,ALPHAFOLD,A,A,13.0,98.0,54.57,56.69,,,False,,intra,False,
6,Q9CQ62,Q9CQ62,110,97,TGNKVHAIR,NIDVLKATAEEISSK, ,,afQ9CQ62,ALPHAFOLD,ALPHAFOLD,A,A,110.0,97.0,98.58,98.75,13.53,12.978,False,,intra,True,homo2mer_homo4mer
7,Q03265,P56480,261,198,STVAQLVKR,VVDLLAPYAKGGK, ,,6TT7,ELECTRON MICROSCOPY,3.5,A,D,218.0,150.0,-,-,18.659,17.262,False,,inter,True,
7_5,Q03265,P56480,261,198,STVAQLVKR,VVDLLAPYAKGGK, ,,6TT7,ELECTRON MICROSCOPY,3.5,B,E,218.0,150.0,-,-,15.418,14.73,False,,inter,True,
7_9,Q03265,P56480,261,198,STVAQLVKR,VVDLLAPYAKGGK, ,,6TT7,ELECTRON MICROSCOPY,3.5,C,F,218.0,150.0,-,-,18.127,16.86,False,,inter,True,
8,Q9DB20,P56480,97,124,SLNDITKR,GQKVLDSGAPIK, ,,-,-,-,-,-,,,-,-,,,False,,inter,False,
9,Q9DB20,P56480,90,124,VKSLNDITKR,GQKVLDSGAPIK, ,,-,-,-,-,-,,,-,-,,,False,,inter,False,
10,Q9DCX2,Q03265,5,240,KLALK,FNDGTDEKKK, ,,-,-,-,-,-,,,-,-,,,False,,inter,False,
11,Q9DB20,P56480,53,124,EKKLDQVEK,GQKVLDSGAPIK, ,,-,-,-,-,-,,,-,-,,,False,,inter,False,
12,Q9DB20,Q9CQQ7,199,225,YVDMSAKSK,HVVKSISVQQEK, ,,-,-,-,-,-,,,-,-,,,False,,inter,False,
13,Q8BMS1,Q99JY0,163,191,IATKDR,AKTLGQR, ,,-,-,-,-,-,,,-,-,,,False,,inter,False,
14,P56382,Q03265,44,498,TSGSSIKIVK,GYLDKLEPSK, ,,6TT7,ELECTRON MICROSCOPY,3.5,I,A,44.0,455.0,-,-,35.073,35.0,False,'distance above range',inter,False,
14_3,P56382,Q03265,44,498,TSGSSIKIVK,GYLDKLEPSK, ,,6TT7,ELECTRON MICROSCOPY,3.5,I,C,44.0,455.0,-,-,27.155,27.155,False,,inter,True,
15,Q99LC3,Q9CQZ5,243,90,KTFLPK,GKMELQETIK, ,,6G2J,ELECTRON MICROSCOPY,3.3,O,W,208.0,89.0,-,-,26.606,26.603,False,,inter,True,heteromer
16,Q91VR2,Q03265,46,539,ITKSMK,ISEQSDAKLK,3,8,2W6E,X-RAY DIFFRACTION,6.5,G,A,,496.0,-,-,,,False,,inter,False,
16_2,Q91VR2,Q03265,46,539,ITKSMK,ISEQSDAKLK,3,8,2W6E,X-RAY DIFFRACTION,6.5,G,B,,496.0,-,-,,,False,,inter,False,
16_3,Q91VR2,Q03265,46,539,ITKSMK,ISEQSDAKLK,3,8,2W6E,X-RAY DIFFRACTION,6.5,G,C,,496.0,-,-,,,False,,inter,False,
17,Q8JZQ2,Q9CR68,163,163,MYFLWTALFWGGVMIYFVFKSSGR,LSDIPEGKNMAFK,,,-,-,-,-,-,,,-,-,,,False,,inter,False,
18,Q9WV98,P62073,58,45,YLKMTQR,EAELSKGESVCLDR,,,2BSK,X-RAY DIFFRACTION,3.3,A,B,58.0,45.0,-,-,14.289,12.961,False,,inter,True,
18_5,Q9WV98,P62073,58,45,YLKMTQR,EAELSKGESVCLDR,,,2BSK,X-RAY DIFFRACTION,3.3,C,D,58.0,45.0,-,-,14.034,12.889,False,,inter,True,
18_9,Q9WV98,P62073,58,45,YLKMTQR,EAELSKGESVCLDR,,,2BSK,X-RAY DIFFRACTION,3.3,E,F,58.0,45.0,-,-,14.141,12.967,False,,inter,True,
19,Q03265,Q03265,240,531,FNDGTDEKKK,SDGKISEQSDAK, , ,6TT7,ELECTRON MICROSCOPY,3.5,A,A,197.0,488.0,-,-,17.298,16.879,False,,intra,True,
19_5,Q03265,Q03265,240,531,FNDGTDEKKK,SDGKISEQSDAK, , ,6TT7,ELECTRON MICROSCOPY,3.5,B,B,197.0,488.0,-,-,18.303,17.721,False,,intra,True,
19_9,Q03265,Q03265,240,531,FNDGTDEKKK,SDGKISEQSDAK, , ,6TT7,ELECTRON MICROSCOPY,3.5,C,C,197.0,488.0,-,-,18.865,18.117,False,,intra,True,
20,P08249,P08249,105,105,KPGMTR,KPGMTR, , ,2DFD,X-RAY DIFFRACTION,1.9,A,A,87.0,87.0,-,-,0.0,0.0,True,'same peptide',inter,True,homo2mer
20_2,P08249,P08249,105,105,KPGMTR,KPGMTR, , ,2DFD,X-RAY DIFFRACTION,1.9,A,B,87.0,87.0,-,-,29.333,29.308,False,,inter,True,homo2mer
20_3,P08249,P08249,105,105,KPGMTR,KPGMTR, , ,2DFD,X-RAY DIFFRACTION,1.9,A,C,87.0,87.0,-,-,27.297,26.605,False,,inter,True,homo2mer
20_4,P08249,P08249,105,105,KPGMTR,KPGMTR, , ,2DFD,X-RAY DIFFRACTION,1.9,A,D,87.0,87.0,-,-,10.238,10.238,False,,inter,True,homo2mer
20_7,P08249,P08249,105,105,KPGMTR,KPGMTR, , ,2DFD,X-RAY DIFFRACTION,1.9,B,C,87.0,87.0,-,-,10.481,10.481,False,,inter,True,homo2mer
20_8,P08249,P08249,105,105,KPGMTR,KPGMTR, , ,2DFD,X-RAY DIFFRACTION,1.9,B,D,87.0,87.0,-,-,28.864,28.294,False,,inter,True,homo2mer
20_12,P08249,P08249,105,105,KPGMTR,KPGMTR, , ,2DFD,X-RAY DIFFRACTION,1.9,C,D,87.0,87.0,-,-,29.124,29.078,False,,inter,True,homo2mer
21,Q6P8J7,Q6P8J7,292,140,GLKEVER,VMKHPTDLDASK, , ,4Z9M,X-RAY DIFFRACTION,2.1,A,A,292.0,140.0,-,-,21.625,21.36,False,,intra,True,homo2mer
21_10,Q6P8J7,Q6P8J7,292,140,GLKEVER,VMKHPTDLDASK, , ,4Z9M,X-RAY DIFFRACTION,2.1,B,B,292.0,140.0,-,-,21.431,21.228,False,,intra,True,homo2mer
21_19,Q6P8J7,Q6P8J7,292,140,GLKEVER,VMKHPTDLDASK, , ,4Z9M,X-RAY DIFFRACTION,2.1,C,C,292.0,140.0,-,-,21.867,21.649,False,,intra,True,homo2mer
21_28,Q6P8J7,Q6P8J7,292,140,GLKEVER,VMKHPTDLDASK, , ,4Z9M,X-RAY DIFFRACTION,2.1,D,D,292.0,140.0,-,-,21.656,21.467,False,,intra,True,homo2mer
21_37,Q6P8J7,Q6P8J7,292,140,GLKEVER,VMKHPTDLDASK, , ,4Z9M,X-RAY DIFFRACTION,2.1,E,E,292.0,140.0,-,-,21.502,21.205,False,,intra,True,homo2mer
21_46,Q6P8J7,Q6P8J7,292,140,GLKEVER,VMKHPTDLDASK, , ,4Z9M,X-RAY DIFFRACTION,2.1,F,F,292.0,140.0,-,-,21.594,21.304,False,,intra,True,homo2mer
21_55,Q6P8J7,Q6P8J7,292,140,GLKEVER,VMKHPTDLDASK, , ,4Z9M,X-RAY DIFFRACTION,2.1,G,G,292.0,140.0,-,-,21.457,21.221,False,,intra,True,homo2mer
21_64,Q6P8J7,Q6P8J7,292,140,GLKEVER,VMKHPTDLDASK, , ,4Z9M,X-RAY DIFFRACTION,2.1,H,H,292.0,140.0,-,-,21.533,21.288,False,,intra,True,homo2mer
22,Q6P8J7,Q6P8J7,353,353,LQKR,LQKR, , ,4Z9M,X-RAY DIFFRACTION,2.1,A,A,353.0,353.0,-,-,0.0,0.0,True,'same peptide',inter,True,homo2mer
22_2,Q6P8J7,Q6P8J7,353,353,LQKR,LQKR, , ,afQ6P8J7,ALPHAFOLD,ALPHAFOLD,A,A,353.0,353.0,92.17,92.17,0.0,0.0,True,'same peptide',inter,True,homo2mer
22_19,Q6P8J7,Q6P8J7,353,353,LQKR,LQKR, , ,4Z9M,X-RAY DIFFRACTION,2.1,C,C,353.0,353.0,-,-,0.0,0.0,True,'same peptide',inter,True,homo2mer
22_28,Q6P8J7,Q6P8J7,353,353,LQKR,LQKR, , ,4Z9M,X-RAY DIFFRACTION,2.1,D,D,353.0,353.0,-,-,0.0,0.0,True,'same peptide',inter,True,homo2mer
22_37,Q6P8J7,Q6P8J7,353,353,LQKR,LQKR, , ,4Z9M,X-RAY DIFFRACTION,2.1,E,E,353.0,353.0,-,-,0.0,0.0,True,'same peptide',inter,True,homo2mer
22_46,Q6P8J7,Q6P8J7,353,353,LQKR,LQKR, , ,4Z9M,X-RAY DIFFRACTION,2.1,F,F,353.0,353.0,-,-,0.0,0.0,True,'same peptide',inter,True,homo2mer
22_64,Q6P8J7,Q6P8J7,353,353,LQKR,LQKR, , ,4Z9M,X-RAY DIFFRACTION,2.1,H,H,353.0,353.0,-,-,0.0,0.0,True,'same peptide',inter,True,homo2mer
23,Q9D2G2,Q9D2G2,273,278,HKDAFLKK,HNLKLGFMSAFVK, , ,7UOL,ELECTRON MICROSCOPY,3.5,D,D,274.0,279.0,-,-,14.027,11.799,False,,intra,True,homo24mer
23_9,Q9D2G2,Q9D2G2,273,278,HKDAFLKK,HNLKLGFMSAFVK, , ,7UOL,ELECTRON MICROSCOPY,3.5,D,O,274.0,279.0,-,-,23.969,23.969,False,,inter,True,homo24mer
23_26,Q9D2G2,Q9D2G2,273,278,HKDAFLKK,HNLKLGFMSAFVK, , ,7UOL,ELECTRON MICROSCOPY,3.5,E,E,274.0,279.0,-,-,14.026,11.799,False,,intra,True,homo24mer
23_38,Q9D2G2,Q9D2G2,273,278,HKDAFLKK,HNLKLGFMSAFVK, , ,7UOL,ELECTRON MICROSCOPY,3.5,E,T,274.0,279.0,-,-,23.968,23.968,False,,inter,True,homo24mer
23_51,Q9D2G2,Q9D2G2,273,278,HKDAFLKK,HNLKLGFMSAFVK, , ,7UOL,ELECTRON MICROSCOPY,3.5,F,F,274.0,279.0,-,-,14.027,11.799,False,,intra,True,homo24mer
23_54,Q9D2G2,Q9D2G2,273,278,HKDAFLKK,HNLKLGFMSAFVK, , ,7UOL,ELECTRON MICROSCOPY,3.5,F,L,274.0,279.0,-,-,23.979,23.979,False,,inter,True,homo24mer
23_76,Q9D2G2,Q9D2G2,273,278,HKDAFLKK,HNLKLGFMSAFVK, , ,7UOL,ELECTRON MICROSCOPY,3.5,J,J,274.0,279.0,-,-,14.027,11.799,False,,intra,True,homo24mer
23_90,Q9D2G2,Q9D2G2,273,278,HKDAFLKK,HNLKLGFMSAFVK, , ,7UOL,ELECTRON MICROSCOPY,3.5,J,X,274.0,279.0,-,-,23.954,23.954,False,,inter,True,homo24mer
23_98,Q9D2G2,Q9D2G2,273,278,HKDAFLKK,HNLKLGFMSAFVK, , ,7UOL,ELECTRON MICROSCOPY,3.5,K,E,274.0,279.0,-,-,23.962,23.962,False,,inter,True,homo24mer
23_101,Q9D2G2,Q9D2G2,273,278,HKDAFLKK,HNLKLGFMSAFVK, , ,7UOL,ELECTRON MICROSCOPY,3.5,K,K,274.0,279.0,-,-,14.027,11.799,False,,intra,True,homo24mer
23_126,Q9D2G2,Q9D2G2,273,278,HKDAFLKK,HNLKLGFMSAFVK, , ,7UOL,ELECTRON MICROSCOPY,3.5,L,L,274.0,279.0,-,-,14.027,11.799,False,,intra,True,homo24mer
23_131,Q9D2G2,Q9D2G2,273,278,HKDAFLKK,HNLKLGFMSAFVK, , ,7UOL,ELECTRON MICROSCOPY,3.5,L,Q,274.0,279.0,-,-,23.969,23.969,False,,inter,True,homo24mer
23_151,Q9D2G2,Q9D2G2,273,278,HKDAFLKK,HNLKLGFMSAFVK, , ,7UOL,ELECTRON MICROSCOPY,3.5,M,M,274.0,279.0,-,-,14.027,11.799,False,,intra,True,homo24mer
23_156,Q9D2G2,Q9D2G2,273,278,HKDAFLKK,HNLKLGFMSAFVK, , ,7UOL,ELECTRON MICROSCOPY,3.5,M,R,274.0,279.0,-,-,23.985,23.985,False,,inter,True,homo24mer
23_171,Q9D2G2,Q9D2G2,273,278,HKDAFLKK,HNLKLGFMSAFVK, , ,7UOL,ELECTRON MICROSCOPY,3.5,N,F,274.0,279.0,-,-,23.963,23.963,False,,inter,True,homo24mer
23_176,Q9D2G2,Q9D2G2,273,278,HKDAFLKK,HNLKLGFMSAFVK, , ,7UOL,ELECTRON MICROSCOPY,3.5,N,N,274.0,279.0,-,-,14.027,11.799,False,,intra,True,homo24mer
23_201,Q9D2G2,Q9D2G2,273,278,HKDAFLKK,HNLKLGFMSAFVK, , ,7UOL,ELECTRON MICROSCOPY,3.5,O,O,274.0,279.0,-,-,13.995,11.799,False,,intra,True,homo24mer
23_215,Q9D2G2,Q9D2G2,273,278,HKDAFLKK,HNLKLGFMSAFVK, , ,7UOL,ELECTRON MICROSCOPY,3.5,O,c,274.0,279.0,-,-,23.962,23.962,False,,inter,True,homo24mer
23_220,Q9D2G2,Q9D2G2,273,278,HKDAFLKK,HNLKLGFMSAFVK, , ,7UOL,ELECTRON MICROSCOPY,3.5,P,J,274.0,279.0,-,-,23.961,23.961,False,,inter,True,homo24mer
23_226,Q9D2G2,Q9D2G2,273,278,HKDAFLKK,HNLKLGFMSAFVK, , ,7UOL,ELECTRON MICROSCOPY,3.5,P,P,274.0,279.0,-,-,14.027,11.799,False,,intra,True,homo24mer
23_248,Q9D2G2,Q9D2G2,273,278,HKDAFLKK,HNLKLGFMSAFVK, , ,7UOL,ELECTRON MICROSCOPY,3.5,Q,N,274.0,279.0,-,-,23.982,23.982,False,,inter,True,homo24mer
23_251,Q9D2G2,Q9D2G2,273,278,HKDAFLKK,HNLKLGFMSAFVK, , ,7UOL,ELECTRON MICROSCOPY,3.5,Q,Q,274.0,279.0,-,-,14.026,11.799,False,,intra,True,homo24mer
23_276,Q9D2G2,Q9D2G2,273,278,HKDAFLKK,HNLKLGFMSAFVK, , ,7UOL,ELECTRON MICROSCOPY,3.5,R,R,274.0,279.0,-,-,14.03,11.8,False,,intra,True,homo24mer
23_284,Q9D2G2,Q9D2G2,273,278,HKDAFLKK,HNLKLGFMSAFVK, , ,7UOL,ELECTRON MICROSCOPY,3.5,R,Z,274.0,279.0,-,-,23.99,23.99,False,,inter,True,homo24mer
23_289,Q9D2G2,Q9D2G2,273,278,HKDAFLKK,HNLKLGFMSAFVK, , ,7UOL,ELECTRON MICROSCOPY,3.5,S,D,274.0,279.0,-,-,23.965,23.965,False,,inter,True,homo24mer
23_301,Q9D2G2,Q9D2G2,273,278,HKDAFLKK,HNLKLGFMSAFVK, , ,7UOL,ELECTRON MICROSCOPY,3.5,S,S,274.0,279.0,-,-,14.026,11.799,False,,intra,True,homo24mer
23_326,Q9D2G2,Q9D2G2,273,278,HKDAFLKK,HNLKLGFMSAFVK, , ,7UOL,ELECTRON MICROSCOPY,3.5,T,T,274.0,279.0,-,-,14.026,11.798,False,,intra,True,homo24mer
23_329,Q9D2G2,Q9D2G2,273,278,HKDAFLKK,HNLKLGFMSAFVK, , ,7UOL,ELECTRON MICROSCOPY,3.5,T,W,274.0,279.0,-,-,23.979,23.979,False,,inter,True,homo24mer
23_351,Q9D2G2,Q9D2G2,273,278,HKDAFLKK,HNLKLGFMSAFVK, , ,7UOL,ELECTRON MICROSCOPY,3.5,U,U,274.0,279.0,-,-,14.029,11.8,False,,intra,True,homo24mer
23_360,Q9D2G2,Q9D2G2,273,278,HKDAFLKK,HNLKLGFMSAFVK, , ,7UOL,ELECTRON MICROSCOPY,3.5,U,d,274.0,279.0,-,-,23.967,23.967,False,,inter,True,homo24mer
23_375,Q9D2G2,Q9D2G2,273,278,HKDAFLKK,HNLKLGFMSAFVK, , ,7UOL,ELECTRON MICROSCOPY,3.5,V,U,274.0,279.0,-,-,23.979,23.979,False,,inter,True,homo24mer
23_376,Q9D2G2,Q9D2G2,273,278,HKDAFLKK,HNLKLGFMSAFVK, , ,7UOL,ELECTRON MICROSCOPY,3.5,V,V,274.0,279.0,-,-,14.026,11.8,False,,intra,True,homo24mer
23_389,Q9D2G2,Q9D2G2,273,278,HKDAFLKK,HNLKLGFMSAFVK, , ,7UOL,ELECTRON MICROSCOPY,3.5,W,K,274.0,279.0,-,-,23.935,23.935,False,,inter,True,homo24mer
23_401,Q9D2G2,Q9D2G2,273,278,HKDAFLKK,HNLKLGFMSAFVK, , ,7UOL,ELECTRON MICROSCOPY,3.5,W,W,274.0,279.0,-,-,14.027,11.799,False,,intra,True,homo24mer
23_426,Q9D2G2,Q9D2G2,273,278,HKDAFLKK,HNLKLGFMSAFVK, , ,7UOL,ELECTRON MICROSCOPY,3.5,X,X,274.0,279.0,-,-,14.027,11.8,False,,intra,True,homo24mer
23_427,Q9D2G2,Q9D2G2,273,278,HKDAFLKK,HNLKLGFMSAFVK, , ,7UOL,ELECTRON MICROSCOPY,3.5,X,Y,274.0,279.0,-,-,23.964,23.964,False,,inter,True,homo24mer
23_442,Q9D2G2,Q9D2G2,273,278,HKDAFLKK,HNLKLGFMSAFVK, , ,7UOL,ELECTRON MICROSCOPY,3.5,Y,P,274.0,279.0,-,-,23.963,23.963,False,,inter,True,homo24mer
23_451,Q9D2G2,Q9D2G2,273,278,HKDAFLKK,HNLKLGFMSAFVK, , ,7UOL,ELECTRON MICROSCOPY,3.5,Y,Y,274.0,279.0,-,-,14.027,11.799,False,,intra,True,homo24mer
23_476,Q9D2G2,Q9D2G2,273,278,HKDAFLKK,HNLKLGFMSAFVK, , ,7UOL,ELECTRON MICROSCOPY,3.5,Z,Z,274.0,279.0,-,-,14.026,11.799,False,,intra,True,homo24mer
23_478,Q9D2G2,Q9D2G2,273,278,HKDAFLKK,HNLKLGFMSAFVK, , ,7UOL,ELECTRON MICROSCOPY,3.5,Z,b,274.0,279.0,-,-,23.947,23.947,False,,inter,True,homo24mer
23_496,Q9D2G2,Q9D2G2,273,278,HKDAFLKK,HNLKLGFMSAFVK, , ,7UOL,ELECTRON MICROSCOPY,3.5,a,V,274.0,279.0,-,-,23.963,23.963,False,,inter,True,homo24mer
23_501,Q9D2G2,Q9D2G2,273,278,HKDAFLKK,HNLKLGFMSAFVK, , ,7UOL,ELECTRON MICROSCOPY,3.5,a,a,274.0,279.0,-,-,14.028,11.8,False,,intra,True,homo24mer
23_511,Q9D2G2,Q9D2G2,273,278,HKDAFLKK,HNLKLGFMSAFVK, , ,7UOL,ELECTRON MICROSCOPY,3.5,b,M,274.0,279.0,-,-,23.964,23.964,False,,inter,True,homo24mer
23_526,Q9D2G2,Q9D2G2,273,278,HKDAFLKK,HNLKLGFMSAFVK, , ,7UOL,ELECTRON MICROSCOPY,3.5,b,b,274.0,279.0,-,-,14.021,11.8,False,,intra,True,homo24mer
23_541,Q9D2G2,Q9D2G2,273,278,HKDAFLKK,HNLKLGFMSAFVK, , ,7UOL,ELECTRON MICROSCOPY,3.5,c,S,274.0,279.0,-,-,23.952,23.952,False,,inter,True,homo24mer
23_551,Q9D2G2,Q9D2G2,273,278,HKDAFLKK,HNLKLGFMSAFVK, , ,7UOL,ELECTRON MICROSCOPY,3.5,c,c,274.0,279.0,-,-,14.028,11.799,False,,intra,True,homo24mer
23_573,Q9D2G2,Q9D2G2,273,278,HKDAFLKK,HNLKLGFMSAFVK, , ,7UOL,ELECTRON MICROSCOPY,3.5,d,a,274.0,279.0,-,-,23.99,23.99,False,,inter,True,homo24mer
23_576,Q9D2G2,Q9D2G2,273,278,HKDAFLKK,HNLKLGFMSAFVK, , ,7UOL,ELECTRON MICROSCOPY,3.5,d,d,274.0,279.0,-,-,14.028,11.8,False,,intra,True,homo24mer
24,Q9DC69,Q9DC69,179,189,SSSKSLR,AVGEKEVR, , ,6G2J,ELECTRON MICROSCOPY,3.3,P,P,144.0,154.0,-,-,18.239,16.656,False,,intra,True,
25,P51881,P51881,147,33,LAADVGKAGAER,VKLLLQVQHASK, , ,afP51881,ALPHAFOLD,ALPHAFOLD,A,A,147.0,33.0,88.16,96.72,26.093,21.008,False,,intra,True,
26,P51881,P51881,166,155,IYKSDGIK,EFKGLGDCLVK, , ,afP51881,ALPHAFOLD,ALPHAFOLD,A,A,166.0,155.0,97.3,93.97,14.068,13.931,False,,intra,True,
27,P51881,P51881,92,23,YFPTQALNFAFKDK,DFLAGGVAAAISKTAVAPIER, , ,afP51881,ALPHAFOLD,ALPHAFOLD,A,A,92.0,23.0,82.96,90.3,20.596,20.559,False,,intra,True,
28,P51881,P51881,147,63,LAADVGKAGAER,IPKEQGVLSFWR, , ,afP51881,ALPHAFOLD,ALPHAFOLD,A,A,147.0,63.0,88.16,94.27,11.623,10.143,False,,intra,True,
29,P51881,P51881,147,245,LAADVGKAGAER,KGTDIMYTGTLDCWR, , ,afP51881,ALPHAFOLD,ALPHAFOLD,A,A,147.0,245.0,88.16,90.51,25.14,24.721,False,,intra,True,
30,P51881,P51881,92,105,YFPTQALNFAFKDK,QIFLGGVDKR, , ,afP51881,ALPHAFOLD,ALPHAFOLD,A,A,92.0,105.0,82.96,85.5,17.519,17.506,False,,intra,True,
31,P51881,P51881,49,147,QITADKQYKGIIDCVVR,LAADVGKAGAER, , ,afP51881,ALPHAFOLD,ALPHAFOLD,A,A,49.0,147.0,93.78,88.16,12.422,12.418,False,,intra,True,
32,P51881,P51881,33,49,VKLLLQVQHASK,QITADKQYKGIIDCVVR, , ,afP51881,ALPHAFOLD,ALPHAFOLD,A,A,33.0,49.0,96.72,93.78,24.229,18.116,False,,intra,True,
33,P51881,P51881,147,43,LAADVGKAGAEREFK,LLLQVQHASKQITADK,7,10,afP51881,ALPHAFOLD,ALPHAFOLD,A,A,147.0,43.0,88.16,89.77,15.254,14.81,False,,intra,True,
34,P51881,P51881,163,245,GLGDCLVKIYK,KGTDIMYTGTLDCWRK,8,1,afP51881,ALPHAFOLD,ALPHAFOLD,A,A,163.0,245.0,97.24,90.51,13.491,13.346,False,,intra,True,
35,P51881,P51881,166,245,IYKSDGIK,KGTDIMYTGTLDCWRK,3,1,afP51881,ALPHAFOLD,ALPHAFOLD,A,A,166.0,245.0,97.3,90.51,13.072,12.732,False,,intra,True,
36,P51881,P51881,43,245,LLLQVQHASKQITADK,KGTDIMYTGTLDCWRK,10,1,afP51881,ALPHAFOLD,ALPHAFOLD,A,A,43.0,245.0,89.77,90.51,11.952,11.752,False,,intra,True,
37,P51881,P51881,147,163,LAADVGKAGAER,GLGDCLVKIYK,7,8,afP51881,ALPHAFOLD,ALPHAFOLD,A,A,147.0,163.0,88.16,97.24,22.638,18.809,False,,intra,True,
38,P54071,P54071,69,442,EKLILPHVDVQLK,LNEHFLNTTDFLDTIKSNLDR, , ,5I96,X-RAY DIFFRACTION,1.55,A,A,69.0,442.0,-,-,5.303,5.301,False,,intra,True,homo2mer
38_4,P54071,P54071,69,442,EKLILPHVDVQLK,LNEHFLNTTDFLDTIKSNLDR, , ,5I96,X-RAY DIFFRACTION,1.55,B,B,69.0,442.0,-,-,5.322,5.318,False,,intra,True,homo2mer
39,P54071,P54071,130,199,KMWK,LVFTPKDGSSAK, , ,5I96,X-RAY DIFFRACTION,1.55,A,A,130.0,199.0,-,-,35.66,35.66,False,'distance above range',inter,False,homo2mer
39_2,P54071,P54071,130,199,KMWK,LVFTPKDGSSAK, , ,5I96,X-RAY DIFFRACTION,1.55,A,B,130.0,199.0,-,-,44.723,44.401,False,'distance above range',inter,False,homo2mer
39_3,P54071,P54071,130,199,KMWK,LVFTPKDGSSAK, , ,5I96,X-RAY DIFFRACTION,1.55,B,A,130.0,199.0,-,-,41.554,41.049,False,'distance above range',inter,False,homo2mer
39_4,P54071,P54071,130,199,KMWK,LVFTPKDGSSAK, , ,5I96,X-RAY DIFFRACTION,1.55,B,B,130.0,199.0,-,-,35.411,35.396,False,'distance above range',inter,False,homo2mer
40,P54071,P54071,280,166,TDFDKNK,LVPGWTKPITIGR, , ,5I96,X-RAY DIFFRACTION,1.55,A,A,280.0,166.0,-,-,21.404,20.474,False,,intra,True,homo2mer
40_4,P54071,P54071,280,166,TDFDKNK,LVPGWTKPITIGR, , ,5I96,X-RAY DIFFRACTION,1.55,B,B,280.0,166.0,-,-,21.167,20.269,False,,intra,True,homo2mer
41,P54071,P54071,130,127,KMWK,VEEFKLK, , ,5I96,X-RAY DIFFRACTION,1.55,A,A,130.0,127.0,-,-,14.743,11.221,False,,intra,True,homo2mer
41_4,P54071,P54071,130,127,KMWK,VEEFKLK, , ,5I96,X-RAY DIFFRACTION,1.55,B,B,130.0,127.0,-,-,14.598,11.409,False,,intra,True,homo2mer
42,P54071,P54071,67,112,IIWQFIKEK,YSVAVKCATITPDEAR, , ,5I96,X-RAY DIFFRACTION,1.55,A,A,67.0,112.0,-,-,13.761,12.51,False,,intra,True,homo2mer
42_4,P54071,P54071,67,112,IIWQFIKEK,YSVAVKCATITPDEAR, , ,5I96,X-RAY DIFFRACTION,1.55,B,B,67.0,112.0,-,-,13.817,12.555,False,,intra,True,homo2mer
43,P54071,P54071,127,256,VEEFKLK,NTILKAYDGR, , ,5I96,X-RAY DIFFRACTION,1.55,A,A,127.0,256.0,-,-,,,False,,intra,False,homo2mer
43_2,P54071,P54071,127,256,VEEFKLK,NTILKAYDGR, , ,5I96,X-RAY DIFFRACTION,1.55,A,B,127.0,256.0,-,-,30.08,28.991,False,,inter,True,homo2mer
43_3,P54071,P54071,127,256,VEEFKLK,NTILKAYDGR, , ,5I96,X-RAY DIFFRACTION,1.55,B,A,127.0,256.0,-,-,27.061,26.053,False,,inter,True,homo2mer
44,P54071,P54071,243,384,KWPLYLSTK,GKLDGNQDLIR, , ,5I96,X-RAY DIFFRACTION,1.55,A,A,243.0,384.0,-,-,13.991,13.832,False,,intra,True,homo2mer
44_4,P54071,P54071,243,384,KWPLYLSTK,GKLDGNQDLIR, , ,5I96,X-RAY DIFFRACTION,1.55,B,B,243.0,384.0,-,-,15.61,15.358,False,,intra,True,homo2mer
45,P54071,P54071,130,256,KMWK,NTILKAYDGR, , ,5I96,X-RAY DIFFRACTION,1.55,A,A,130.0,256.0,-,-,47.105,43.997,False,'distance above range',inter,False,homo2mer
45_2,P54071,P54071,130,256,KMWK,NTILKAYDGR, , ,5I96,X-RAY DIFFRACTION,1.55,A,B,130.0,256.0,-,-,22.079,22.073,False,,inter,True,homo2mer
45_3,P54071,P54071,130,256,KMWK,NTILKAYDGR, , ,5I96,X-RAY DIFFRACTION,1.55,B,A,130.0,256.0,-,-,19.06,19.048,False,,inter,True,homo2mer
46,P54071,P54071,384,280,GKLDGNQDLIR,TDFDKNKIWYEHR, , ,5I96,X-RAY DIFFRACTION,1.55,A,A,384.0,280.0,-,-,17.418,17.418,False,,intra,True,homo2mer
46_4,P54071,P54071,384,280,GKLDGNQDLIR,TDFDKNKIWYEHR, , ,5I96,X-RAY DIFFRACTION,1.55,B,B,384.0,280.0,-,-,19.565,19.565,False,,intra,True,homo2mer
47,P54071,P54071,280,272,TDFDKNK,FKDIFQEIFDKHYK, , ,5I96,X-RAY DIFFRACTION,1.55,A,A,280.0,272.0,-,-,18.621,16.244,False,,intra,True,homo2mer
47_4,P54071,P54071,280,272,TDFDKNK,FKDIFQEIFDKHYK, , ,5I96,X-RAY DIFFRACTION,1.55,B,B,280.0,272.0,-,-,18.368,16.008,False,,intra,True,homo2mer
48,P54071,P54071,127,112,VEEFKLK,YSVAVKCATITPDEAR, , ,5I96,X-RAY DIFFRACTION,1.55,A,A,127.0,112.0,-,-,26.14,24.697,False,,intra,True,homo2mer
48_4,P54071,P54071,127,112,VEEFKLK,YSVAVKCATITPDEAR, , ,5I96,X-RAY DIFFRACTION,1.55,B,B,127.0,112.0,-,-,26.173,24.716,False,,intra,True,homo2mer
49,P54071,P54071,280,243,TDFDKNK,KWPLYLSTK, , ,5I96,X-RAY DIFFRACTION,1.55,A,A,280.0,243.0,-,-,10.778,9.954,False,,intra,True,homo2mer
49_4,P54071,P54071,280,243,TDFDKNK,KWPLYLSTK, , ,5I96,X-RAY DIFFRACTION,1.55,B,B,280.0,243.0,-,-,10.635,9.815,False,,intra,True,homo2mer
50,P54071,P54071,243,282,KWPLYLSTK,TDFDKNKIWYEHR, , ,5I96,X-RAY DIFFRACTION,1.55,A,A,243.0,282.0,-,-,8.484,7.908,False,,intra,True,homo2mer
50_4,P54071,P54071,243,282,KWPLYLSTK,TDFDKNKIWYEHR, , ,5I96,X-RAY DIFFRACTION,1.55,B,B,243.0,282.0,-,-,8.362,7.816,False,,intra,True,homo2mer
51,P54071,P54071,384,155,GKLDGNQDLIR,EPIICKNIPR, , ,5I96,X-RAY DIFFRACTION,1.55,A,A,384.0,155.0,-,-,26.806,26.799,False,,intra,True,homo2mer
51_4,P54071,P54071,384,155,GKLDGNQDLIR,EPIICKNIPR, , ,5I96,X-RAY DIFFRACTION,1.55,B,B,384.0,155.0,-,-,26.932,26.92,False,,intra,True,homo2mer
52,P54071,P54071,193,199,AGTFKLVFTPK,LVFTPKDGSSAK, , ,5I96,X-RAY DIFFRACTION,1.55,A,A,193.0,199.0,-,-,22.231,19.918,True,'peptides overlap',inter,True,homo2mer
52_2,P54071,P54071,193,199,AGTFKLVFTPK,LVFTPKDGSSAK, , ,5I96,X-RAY DIFFRACTION,1.55,A,B,193.0,199.0,-,-,14.922,13.988,False,,inter,True,homo2mer
52_3,P54071,P54071,193,199,AGTFKLVFTPK,LVFTPKDGSSAK, , ,5I96,X-RAY DIFFRACTION,1.55,B,A,193.0,199.0,-,-,15.127,13.286,False,,inter,True,homo2mer
53,P54071,P54071,384,282,GKLDGNQDLIR,TDFDKNKIWYEHR, , ,5I96,X-RAY DIFFRACTION,1.55,A,A,384.0,282.0,-,-,20.983,20.648,False,,intra,True,homo2mer
53_4,P54071,P54071,384,282,GKLDGNQDLIR,TDFDKNKIWYEHR, , ,5I96,X-RAY DIFFRACTION,1.55,B,B,384.0,282.0,-,-,22.723,22.411,False,,intra,True,homo2mer
54,P54071,P54071,384,272,GKLDGNQDLIR,FKDIFQEIFDKHYK, , ,5I96,X-RAY DIFFRACTION,1.55,A,A,384.0,272.0,-,-,24.476,24.111,False,,intra,True,homo2mer
54_4,P54071,P54071,384,272,GKLDGNQDLIR,FKDIFQEIFDKHYK, , ,5I96,X-RAY DIFFRACTION,1.55,B,B,384.0,272.0,-,-,25.628,25.148,False,,intra,True,homo2mer
55,P54071,P54071,133,180,MWKSPNGTIR,HAHGDQYKATDFVVDR, , ,5I96,X-RAY DIFFRACTION,1.55,A,A,133.0,180.0,-,-,15.636,15.624,False,,intra,True,homo2mer
55_4,P54071,P54071,133,180,MWKSPNGTIR,HAHGDQYKATDFVVDR, , ,5I96,X-RAY DIFFRACTION,1.55,B,B,133.0,180.0,-,-,13.958,13.928,False,,intra,True,homo2mer
56,P54071,P54071,199,180,LVFTPKDGSSAK,HAHGDQYKATDFVVDR, , ,5I96,X-RAY DIFFRACTION,1.55,A,A,199.0,180.0,-,-,21.499,19.428,False,,intra,True,homo2mer
56_2,P54071,P54071,199,180,LVFTPKDGSSAK,HAHGDQYKATDFVVDR, , ,5I96,X-RAY DIFFRACTION,1.55,A,B,199.0,180.0,-,-,32.546,29.524,False,,inter,True,homo2mer
56_3,P54071,P54071,199,180,LVFTPKDGSSAK,HAHGDQYKATDFVVDR, , ,5I96,X-RAY DIFFRACTION,1.55,B,A,199.0,180.0,-,-,32.751,30.09,False,,inter,True,homo2mer
56_4,P54071,P54071,199,180,LVFTPKDGSSAK,HAHGDQYKATDFVVDR, , ,5I96,X-RAY DIFFRACTION,1.55,B,B,199.0,180.0,-,-,22.636,20.607,False,,intra,True,homo2mer
57,P54071,P54071,193,166,AGTFKLVFTPK,LVPGWTKPITIGR, , ,5I96,X-RAY DIFFRACTION,1.55,A,A,193.0,166.0,-,-,70.0,48.861,False,'distance above range',inter,False,homo2mer
57_2,P54071,P54071,193,166,AGTFKLVFTPK,LVPGWTKPITIGR, , ,5I96,X-RAY DIFFRACTION,1.55,A,B,193.0,166.0,-,-,52.661,46.663,False,'distance above range',inter,False,homo2mer
57_3,P54071,P54071,193,166,AGTFKLVFTPK,LVPGWTKPITIGR, , ,5I96,X-RAY DIFFRACTION,1.55,B,A,193.0,166.0,-,-,52.561,46.802,False,'distance above range',inter,False,homo2mer
57_4,P54071,P54071,193,166,AGTFKLVFTPK,LVPGWTKPITIGR, , ,5I96,X-RAY DIFFRACTION,1.55,B,B,193.0,166.0,-,-,70.0,48.721,False,'distance above range',inter,False,homo2mer
58,P54071,P54071,199,272,LVFTPKDGSSAK,FKDIFQEIFDKHYK, , ,5I96,X-RAY DIFFRACTION,1.55,A,A,199.0,272.0,-,-,27.355,27.236,False,,intra,True,homo2mer
58_4,P54071,P54071,199,272,LVFTPKDGSSAK,FKDIFQEIFDKHYK, , ,5I96,X-RAY DIFFRACTION,1.55,B,B,199.0,272.0,-,-,27.467,27.425,False,,intra,True,homo2mer
59,P54071,P54071,130,180,KMWK,HAHGDQYKATDFVVDR, , ,5I96,X-RAY DIFFRACTION,1.55,A,A,130.0,180.0,-,-,22.672,22.653,False,,intra,True,homo2mer
59_4,P54071,P54071,130,180,KMWK,HAHGDQYKATDFVVDR, , ,5I96,X-RAY DIFFRACTION,1.55,B,B,130.0,180.0,-,-,20.731,20.688,False,,intra,True,homo2mer
60,P54071,P54071,256,180,NTILKAYDGR,HAHGDQYKATDFVVDR, , ,5I96,X-RAY DIFFRACTION,1.55,A,A,256.0,180.0,-,-,36.717,21.624,False,'distance above range',inter,False,homo2mer
60_2,P54071,P54071,256,180,NTILKAYDGR,HAHGDQYKATDFVVDR, , ,5I96,X-RAY DIFFRACTION,1.55,A,B,256.0,180.0,-,-,14.647,13.434,False,,inter,True,homo2mer
60_3,P54071,P54071,256,180,NTILKAYDGR,HAHGDQYKATDFVVDR, , ,5I96,X-RAY DIFFRACTION,1.55,B,A,256.0,180.0,-,-,14.626,13.405,False,,inter,True,homo2mer
60_4,P54071,P54071,256,180,NTILKAYDGR,HAHGDQYKATDFVVDR, , ,5I96,X-RAY DIFFRACTION,1.55,B,B,256.0,180.0,-,-,29.765,21.662,False,,intra,True,homo2mer
61,P54071,P54071,130,193,KMWK,AGTFKLVFTPK, , ,5I96,X-RAY DIFFRACTION,1.55,A,A,130.0,193.0,-,-,42.041,39.366,False,'distance above range',inter,False,homo2mer
61_2,P54071,P54071,130,193,KMWK,AGTFKLVFTPK, , ,5I96,X-RAY DIFFRACTION,1.55,A,B,130.0,193.0,-,-,32.776,32.079,False,,inter,True,homo2mer
61_3,P54071,P54071,130,193,KMWK,AGTFKLVFTPK, , ,5I96,X-RAY DIFFRACTION,1.55,B,A,130.0,193.0,-,-,30.341,29.631,False,,inter,True,homo2mer
62,P54071,P54071,133,199,MWKSPNGTIR,LVFTPKDGSSAK, , ,5I96,X-RAY DIFFRACTION,1.55,A,A,133.0,199.0,-,-,30.576,30.54,False,,intra,True,homo2mer
62_4,P54071,P54071,133,199,MWKSPNGTIR,LVFTPKDGSSAK, , ,5I96,X-RAY DIFFRACTION,1.55,B,B,133.0,199.0,-,-,30.908,30.84,False,,intra,True,homo2mer
63,P54071,P54071,166,282,LVPGWTKPITIGR,TDFDKNKIWYEHR, , ,5I96,X-RAY DIFFRACTION,1.55,A,A,166.0,282.0,-,-,15.108,15.106,False,,intra,True,homo2mer
63_4,P54071,P54071,166,282,LVPGWTKPITIGR,TDFDKNKIWYEHR, , ,5I96,X-RAY DIFFRACTION,1.55,B,B,166.0,282.0,-,-,14.85,14.849,False,,intra,True,homo2mer
64,P54071,P54071,384,400,GKLDGNQDLIR,FAQTLEKVCVQTVESGAMTK, , ,5I96,X-RAY DIFFRACTION,1.55,A,A,384.0,400.0,-,-,17.927,17.452,False,,intra,True,homo2mer
64_4,P54071,P54071,384,400,GKLDGNQDLIR,FAQTLEKVCVQTVESGAMTK, , ,5I96,X-RAY DIFFRACTION,1.55,B,B,384.0,400.0,-,-,17.752,17.192,False,,intra,True,homo2mer
65,P54071,P54071,243,256,KWPLYLSTK,NTILKAYDGR, , ,5I96,X-RAY DIFFRACTION,1.55,A,A,243.0,256.0,-,-,35.832,33.341,False,'distance above range',inter,False,homo2mer
65_2,P54071,P54071,243,256,KWPLYLSTK,NTILKAYDGR, , ,5I96,X-RAY DIFFRACTION,1.55,A,B,243.0,256.0,-,-,55.286,42.684,False,'distance above range',inter,False,homo2mer
65_3,P54071,P54071,243,256,KWPLYLSTK,NTILKAYDGR, , ,5I96,X-RAY DIFFRACTION,1.55,B,A,243.0,256.0,-,-,53.768,42.541,False,'distance above range',inter,False,homo2mer
65_4,P54071,P54071,243,256,KWPLYLSTK,NTILKAYDGR, , ,5I96,X-RAY DIFFRACTION,1.55,B,B,243.0,256.0,-,-,35.835,33.281,False,'distance above range',inter,False,homo2mer
66,P54071,P54071,384,166,GKLDGNQDLIR,LVPGWTKPITIGR, , ,5I96,X-RAY DIFFRACTION,1.55,A,A,384.0,166.0,-,-,20.881,20.881,False,,intra,True,homo2mer
66_4,P54071,P54071,384,166,GKLDGNQDLIR,LVPGWTKPITIGR, , ,5I96,X-RAY DIFFRACTION,1.55,B,B,384.0,166.0,-,-,21.708,21.708,False,,intra,True,homo2mer
67,P54071,P54071,193,180,AGTFKLVFTPK,HAHGDQYKATDFVVDR, , ,5I96,X-RAY DIFFRACTION,1.55,A,A,193.0,180.0,-,-,29.58,20.314,False,,intra,True,homo2mer
67_2,P54071,P54071,193,180,AGTFKLVFTPK,HAHGDQYKATDFVVDR, , ,5I96,X-RAY DIFFRACTION,1.55,A,B,193.0,180.0,-,-,17.077,14.597,False,,inter,True,homo2mer
67_3,P54071,P54071,193,180,AGTFKLVFTPK,HAHGDQYKATDFVVDR, , ,5I96,X-RAY DIFFRACTION,1.55,B,A,193.0,180.0,-,-,17.039,14.555,False,,inter,True,homo2mer
67_4,P54071,P54071,193,180,AGTFKLVFTPK,HAHGDQYKATDFVVDR, , ,5I96,X-RAY DIFFRACTION,1.55,B,B,193.0,180.0,-,-,29.239,20.337,False,,intra,True,homo2mer
68,P54071,P54071,299,413,LIDDMVAQVLKSSGGFVWACK,VCVQTVESGAMTKDLAGCIHGLSNVK, , ,5I96,X-RAY DIFFRACTION,1.55,A,A,299.0,413.0,-,-,35.727,32.15,False,'distance above range',inter,False,homo2mer
68_2,P54071,P54071,299,413,LIDDMVAQVLKSSGGFVWACK,VCVQTVESGAMTKDLAGCIHGLSNVK, , ,5I96,X-RAY DIFFRACTION,1.55,A,B,299.0,413.0,-,-,16.457,16.448,False,,inter,True,homo2mer
68_3,P54071,P54071,299,413,LIDDMVAQVLKSSGGFVWACK,VCVQTVESGAMTKDLAGCIHGLSNVK, , ,5I96,X-RAY DIFFRACTION,1.55,B,A,299.0,413.0,-,-,17.411,17.4,False,,inter,True,homo2mer
69,P54071,P54071,256,272,NTILKAYDGR,FKDIFQEIFDKHYK, , ,5I96,X-RAY DIFFRACTION,1.55,A,A,256.0,272.0,-,-,24.053,23.185,False,,intra,True,homo2mer
69_4,P54071,P54071,256,272,NTILKAYDGR,FKDIFQEIFDKHYK, , ,5I96,X-RAY DIFFRACTION,1.55,B,B,256.0,272.0,-,-,24.255,23.306,False,,intra,True,homo2mer
70,P54071,P54071,166,400,LVPGWTKPITIGR,FAQTLEKVCVQTVESGAMTK, , ,5I96,X-RAY DIFFRACTION,1.55,A,A,166.0,400.0,-,-,15.59,15.481,False,,intra,True,homo2mer
70_4,P54071,P54071,166,400,LVPGWTKPITIGR,FAQTLEKVCVQTVESGAMTK, , ,5I96,X-RAY DIFFRACTION,1.55,B,B,166.0,400.0,-,-,16.329,16.174,False,,intra,True,homo2mer
71,P54071,P54071,166,413,LVPGWTKPITIGR,VCVQTVESGAMTKDLAGCIHGLSNVK, , ,5I96,X-RAY DIFFRACTION,1.55,A,A,166.0,413.0,-,-,28.557,25.578,False,,intra,True,homo2mer
71_2,P54071,P54071,166,413,LVPGWTKPITIGR,VCVQTVESGAMTKDLAGCIHGLSNVK, , ,5I96,X-RAY DIFFRACTION,1.55,A,B,166.0,413.0,-,-,30.198,28.971,False,,inter,True,homo2mer
71_3,P54071,P54071,166,413,LVPGWTKPITIGR,VCVQTVESGAMTKDLAGCIHGLSNVK, , ,5I96,X-RAY DIFFRACTION,1.55,B,A,166.0,413.0,-,-,31.383,30.096,False,,inter,True,homo2mer
71_4,P54071,P54071,166,413,LVPGWTKPITIGR,VCVQTVESGAMTKDLAGCIHGLSNVK, , ,5I96,X-RAY DIFFRACTION,1.55,B,B,166.0,413.0,-,-,30.042,25.794,False,,intra,True,homo2mer
72,P54071,P54071,282,299,TDFDKNKIWYEHR,LIDDMVAQVLKSSGGFVWACK, , ,5I96,X-RAY DIFFRACTION,1.55,A,A,282.0,299.0,-,-,21.069,20.97,False,,intra,True,homo2mer
72_4,P54071,P54071,282,299,TDFDKNKIWYEHR,LIDDMVAQVLKSSGGFVWACK, , ,5I96,X-RAY DIFFRACTION,1.55,B,B,282.0,299.0,-,-,20.971,20.878,False,,intra,True,homo2mer
73,P54071,P54071,282,413,TDFDKNKIWYEHR,VCVQTVESGAMTKDLAGCIHGLSNVK, , ,5I96,X-RAY DIFFRACTION,1.55,A,A,282.0,413.0,-,-,41.878,40.301,False,'distance above range',inter,False,homo2mer
73_2,P54071,P54071,282,413,TDFDKNKIWYEHR,VCVQTVESGAMTKDLAGCIHGLSNVK, , ,5I96,X-RAY DIFFRACTION,1.55,A,B,282.0,413.0,-,-,33.289,33.289,False,,inter,True,homo2mer
73_3,P54071,P54071,282,413,TDFDKNKIWYEHR,VCVQTVESGAMTKDLAGCIHGLSNVK, , ,5I96,X-RAY DIFFRACTION,1.55,B,A,282.0,413.0,-,-,34.656,34.642,False,,inter,True,homo2mer
74,P54071,P54071,384,426,GKLDGNQDLIR,DLAGCIHGLSNVKLNEHFLNTTDFLDTIK, , ,5I96,X-RAY DIFFRACTION,1.55,A,A,384.0,426.0,-,-,50.774,42.575,False,'distance above range',inter,False,homo2mer
74_2,P54071,P54071,384,426,GKLDGNQDLIR,DLAGCIHGLSNVKLNEHFLNTTDFLDTIK, , ,5I96,X-RAY DIFFRACTION,1.55,A,B,384.0,426.0,-,-,,,False,,inter,False,homo2mer
74_3,P54071,P54071,384,426,GKLDGNQDLIR,DLAGCIHGLSNVKLNEHFLNTTDFLDTIK, , ,5I96,X-RAY DIFFRACTION,1.55,B,A,384.0,426.0,-,-,,,False,,inter,False,homo2mer
74_4,P54071,P54071,384,426,GKLDGNQDLIR,DLAGCIHGLSNVKLNEHFLNTTDFLDTIK, , ,5I96,X-RAY DIFFRACTION,1.55,B,B,384.0,426.0,-,-,51.566,42.299,False,'distance above range',inter,False,homo2mer
75,P54071,P54071,155,112,EPIICKNIPR,YSVAVKCATITPDEAR, , ,5I96,X-RAY DIFFRACTION,1.55,A,A,155.0,112.0,-,-,42.11,28.484,False,'distance above range',inter,False,homo2mer
75_2,P54071,P54071,155,112,EPIICKNIPR,YSVAVKCATITPDEAR, , ,5I96,X-RAY DIFFRACTION,1.55,A,B,155.0,112.0,-,-,50.408,47.315,False,'distance above range',inter,False,homo2mer
75_3,P54071,P54071,155,112,EPIICKNIPR,YSVAVKCATITPDEAR, , ,5I96,X-RAY DIFFRACTION,1.55,B,A,155.0,112.0,-,-,51.272,48.369,False,'distance above range',inter,False,homo2mer
75_4,P54071,P54071,155,112,EPIICKNIPR,YSVAVKCATITPDEAR, , ,5I96,X-RAY DIFFRACTION,1.55,B,B,155.0,112.0,-,-,37.649,28.659,False,'distance above range',inter,False,homo2mer
76,P54071,P54071,256,166,NTILKAYDGR,LVPGWTKPITIGR, , ,5I96,X-RAY DIFFRACTION,1.55,A,A,256.0,166.0,-,-,37.514,33.887,False,'distance above range',inter,False,homo2mer
76_2,P54071,P54071,256,166,NTILKAYDGR,LVPGWTKPITIGR, , ,5I96,X-RAY DIFFRACTION,1.55,A,B,256.0,166.0,-,-,55.526,39.062,False,'distance above range',inter,False,homo2mer
76_3,P54071,P54071,256,166,NTILKAYDGR,LVPGWTKPITIGR, , ,5I96,X-RAY DIFFRACTION,1.55,B,A,256.0,166.0,-,-,46.203,39.137,False,'distance above range',inter,False,homo2mer
76_4,P54071,P54071,256,166,NTILKAYDGR,LVPGWTKPITIGR, , ,5I96,X-RAY DIFFRACTION,1.55,B,B,256.0,166.0,-,-,36.502,33.779,False,'distance above range',inter,False,homo2mer
77,P54071,P54071,243,166,KWPLYLSTK,LVPGWTKPITIGR, , ,5I96,X-RAY DIFFRACTION,1.55,A,A,243.0,166.0,-,-,11.13,11.077,False,,intra,True,homo2mer
77_4,P54071,P54071,243,166,KWPLYLSTK,LVPGWTKPITIGR, , ,5I96,X-RAY DIFFRACTION,1.55,B,B,243.0,166.0,-,-,11.188,11.124,False,,intra,True,homo2mer
78,P54071,P54071,243,155,KWPLYLSTK,EPIICKNIPR, , ,5I96,X-RAY DIFFRACTION,1.55,A,A,243.0,155.0,-,-,20.486,20.484,False,,intra,True,homo2mer
78_4,P54071,P54071,243,155,KWPLYLSTK,EPIICKNIPR, , ,5I96,X-RAY DIFFRACTION,1.55,B,B,243.0,155.0,-,-,20.858,20.846,False,,intra,True,homo2mer
79,P54071,P54071,193,155,AGTFKLVFTPK,NILGGTVFREPIICKNIPR, , ,5I96,X-RAY DIFFRACTION,1.55,A,A,193.0,155.0,-,-,,,False,,intra,False,homo2mer
79_2,P54071,P54071,193,155,AGTFKLVFTPK,NILGGTVFREPIICKNIPR, , ,5I96,X-RAY DIFFRACTION,1.55,A,B,193.0,155.0,-,-,,,False,,inter,False,homo2mer
79_3,P54071,P54071,193,155,AGTFKLVFTPK,NILGGTVFREPIICKNIPR, , ,5I96,X-RAY DIFFRACTION,1.55,B,A,193.0,155.0,-,-,,,False,,inter,False,homo2mer
79_4,P54071,P54071,193,155,AGTFKLVFTPK,NILGGTVFREPIICKNIPR, , ,5I96,X-RAY DIFFRACTION,1.55,B,B,193.0,155.0,-,-,,,False,,intra,False,homo2mer
80,P54071,P54071,180,106,HAHGDQYKATDFVVDR,DQTNDQVTIDSALATQKYSVAVK, , ,5I96,X-RAY DIFFRACTION,1.55,A,A,180.0,106.0,-,-,29.993,28.89,False,,intra,True,homo2mer
80_4,P54071,P54071,180,106,HAHGDQYKATDFVVDR,DQTNDQVTIDSALATQKYSVAVK, , ,5I96,X-RAY DIFFRACTION,1.55,B,B,180.0,106.0,-,-,28.947,27.841,False,,intra,True,homo2mer
81,P54071,P54071,67,45,IIWQFIKEK,IKVEKPVVEMDGDEMTR, , ,5I96,X-RAY DIFFRACTION,1.55,A,A,67.0,45.0,-,-,20.307,17.708,False,,intra,True,homo2mer
81_4,P54071,P54071,67,45,IIWQFIKEK,IKVEKPVVEMDGDEMTR, , ,5I96,X-RAY DIFFRACTION,1.55,B,B,67.0,45.0,-,-,19.84,17.333,False,,intra,True,homo2mer
82,P54071,P54071,199,106,LVFTPKDGSSAK,DQTNDQVTIDSALATQKYSVAVK, , ,5I96,X-RAY DIFFRACTION,1.55,A,A,199.0,106.0,-,-,34.495,34.416,False,,intra,True,homo2mer
82_4,P54071,P54071,199,106,LVFTPKDGSSAK,DQTNDQVTIDSALATQKYSVAVK, , ,5I96,X-RAY DIFFRACTION,1.55,B,B,199.0,106.0,-,-,34.904,34.824,False,,intra,True,homo2mer
83,P54071,P54071,384,48,GKLDGNQDLIR,IKVEKPVVEMDGDEMTR, , ,5I96,X-RAY DIFFRACTION,1.55,A,A,384.0,48.0,-,-,13.299,11.597,False,,intra,True,homo2mer
83_4,P54071,P54071,384,48,GKLDGNQDLIR,IKVEKPVVEMDGDEMTR, , ,5I96,X-RAY DIFFRACTION,1.55,B,B,384.0,48.0,-,-,13.967,11.498,False,,intra,True,homo2mer
84,P54071,P54071,360,413,EHQKGRPTSTNPIASIFAWTR,VCVQTVESGAMTKDLAGCIHGLSNVK, , ,5I96,X-RAY DIFFRACTION,1.55,A,A,360.0,413.0,-,-,17.52,16.853,False,,intra,True,homo2mer
84_4,P54071,P54071,360,413,EHQKGRPTSTNPIASIFAWTR,VCVQTVESGAMTKDLAGCIHGLSNVK, , ,5I96,X-RAY DIFFRACTION,1.55,B,B,360.0,413.0,-,-,18.097,17.434,False,,intra,True,homo2mer
85,P54071,P54071,256,282,NTILKAYDGR,TDFDKNKIWYEHR, , ,5I96,X-RAY DIFFRACTION,1.55,A,A,256.0,282.0,-,-,33.796,32.618,False,,intra,True,homo2mer
85_4,P54071,P54071,256,282,NTILKAYDGR,TDFDKNKIWYEHR, , ,5I96,X-RAY DIFFRACTION,1.55,B,B,256.0,282.0,-,-,33.89,32.61,False,,intra,True,homo2mer
86,P54071,P54071,243,400,KWPLYLSTK,FAQTLEKVCVQTVESGAMTK, , ,5I96,X-RAY DIFFRACTION,1.55,A,A,243.0,400.0,-,-,17.835,17.834,False,,intra,True,homo2mer
86_4,P54071,P54071,243,400,KWPLYLSTK,FAQTLEKVCVQTVESGAMTK, , ,5I96,X-RAY DIFFRACTION,1.55,B,B,243.0,400.0,-,-,18.624,18.624,False,,intra,True,homo2mer
87,P54071,P54071,384,360,GKLDGNQDLIR,EHQKGRPTSTNPIASIFAWTR, , ,5I96,X-RAY DIFFRACTION,1.55,A,A,384.0,360.0,-,-,51.087,42.687,False,'distance above range',inter,False,homo2mer
87_2,P54071,P54071,384,360,GKLDGNQDLIR,EHQKGRPTSTNPIASIFAWTR, , ,5I96,X-RAY DIFFRACTION,1.55,A,B,384.0,360.0,-,-,,,False,,inter,False,homo2mer
87_3,P54071,P54071,384,360,GKLDGNQDLIR,EHQKGRPTSTNPIASIFAWTR, , ,5I96,X-RAY DIFFRACTION,1.55,B,A,384.0,360.0,-,-,,,False,,inter,False,homo2mer
87_4,P54071,P54071,384,360,GKLDGNQDLIR,EHQKGRPTSTNPIASIFAWTR, , ,5I96,X-RAY DIFFRACTION,1.55,B,B,384.0,360.0,-,-,56.332,43.001,False,'distance above range',inter,False,homo2mer
88,P54071,P54071,166,155,LVPGWTKPITIGR,NILGGTVFREPIICKNIPR, , ,5I96,X-RAY DIFFRACTION,1.55,A,A,166.0,155.0,-,-,12.025,11.324,False,,intra,True,homo2mer
88_4,P54071,P54071,166,155,LVPGWTKPITIGR,NILGGTVFREPIICKNIPR, , ,5I96,X-RAY DIFFRACTION,1.55,B,B,166.0,155.0,-,-,12.668,11.807,False,,intra,True,homo2mer
89,P54071,P54071,48,106,IKVEKPVVEMDGDEMTR,DQTNDQVTIDSALATQKYSVAVK, , ,5I96,X-RAY DIFFRACTION,1.55,A,A,48.0,106.0,-,-,10.551,10.372,False,,intra,True,homo2mer
89_4,P54071,P54071,48,106,IKVEKPVVEMDGDEMTR,DQTNDQVTIDSALATQKYSVAVK, , ,5I96,X-RAY DIFFRACTION,1.55,B,B,48.0,106.0,-,-,10.433,10.273,False,,intra,True,homo2mer
90,P54071,P54071,80,106,LILPHVDVQLKYFDLGLPNR,DQTNDQVTIDSALATQKYSVAVK, , ,5I96,X-RAY DIFFRACTION,1.55,A,A,80.0,106.0,-,-,8.388,8.387,False,,intra,True,homo2mer
90_4,P54071,P54071,80,106,LILPHVDVQLKYFDLGLPNR,DQTNDQVTIDSALATQKYSVAVK, , ,5I96,X-RAY DIFFRACTION,1.55,B,B,80.0,106.0,-,-,8.333,8.333,False,,intra,True,homo2mer
91,P54071,P54071,166,299,LVPGWTKPITIGR,LIDDMVAQVLKSSGGFVWACK, , ,5I96,X-RAY DIFFRACTION,1.55,A,A,166.0,299.0,-,-,16.308,14.237,False,,intra,True,homo2mer
91_2,P54071,P54071,166,299,LVPGWTKPITIGR,LIDDMVAQVLKSSGGFVWACK, , ,5I96,X-RAY DIFFRACTION,1.55,A,B,166.0,299.0,-,-,26.403,24.509,False,,inter,True,homo2mer
91_3,P54071,P54071,166,299,LVPGWTKPITIGR,LIDDMVAQVLKSSGGFVWACK, , ,5I96,X-RAY DIFFRACTION,1.55,B,A,166.0,299.0,-,-,26.366,24.432,False,,inter,True,homo2mer
91_4,P54071,P54071,166,299,LVPGWTKPITIGR,LIDDMVAQVLKSSGGFVWACK, , ,5I96,X-RAY DIFFRACTION,1.55,B,B,166.0,299.0,-,-,16.194,14.095,False,,intra,True,homo2mer
92,P54071,P54071,45,106,IKVEKPVVEMDGDEMTR,YFDLGLPNRDQTNDQVTIDSALATQKYSVAVK, , ,5I96,X-RAY DIFFRACTION,1.55,A,A,45.0,106.0,-,-,21.742,20.685,False,,intra,True,homo2mer
92_4,P54071,P54071,45,106,IKVEKPVVEMDGDEMTR,YFDLGLPNRDQTNDQVTIDSALATQKYSVAVK, , ,5I96,X-RAY DIFFRACTION,1.55,B,B,45.0,106.0,-,-,21.835,20.539,False,,intra,True,homo2mer
93,P54071,P54071,280,413,TDFDKNKIWYEHR,VCVQTVESGAMTKDLAGCIHGLSNVK, , ,5I96,X-RAY DIFFRACTION,1.55,A,A,280.0,413.0,-,-,45.369,44.049,False,'distance above range',inter,False,homo2mer
93_2,P54071,P54071,280,413,TDFDKNKIWYEHR,VCVQTVESGAMTKDLAGCIHGLSNVK, , ,5I96,X-RAY DIFFRACTION,1.55,A,B,280.0,413.0,-,-,42.949,40.713,False,'distance above range',inter,False,homo2mer
93_3,P54071,P54071,280,413,TDFDKNKIWYEHR,VCVQTVESGAMTKDLAGCIHGLSNVK, , ,5I96,X-RAY DIFFRACTION,1.55,B,A,280.0,413.0,-,-,45.001,41.88,False,'distance above range',inter,False,homo2mer
93_4,P54071,P54071,280,413,TDFDKNKIWYEHR,VCVQTVESGAMTKDLAGCIHGLSNVK, , ,5I96,X-RAY DIFFRACTION,1.55,B,B,280.0,413.0,-,-,48.478,44.252,False,'distance above range',inter,False,homo2mer
94,P54071,P54071,280,263,TDFDKNK,FKDIFQEIFDK, , ,5I96,X-RAY DIFFRACTION,1.55,A,A,280.0,263.0,-,-,27.353,24.339,False,,intra,True,homo2mer
94_4,P54071,P54071,280,263,TDFDKNK,FKDIFQEIFDK, , ,5I96,X-RAY DIFFRACTION,1.55,B,B,280.0,263.0,-,-,26.911,23.965,False,,intra,True,homo2mer
95,P54071,P54071,256,263,NTILKAYDGR,FKDIFQEIFDK, , ,5I96,X-RAY DIFFRACTION,1.55,A,A,256.0,263.0,-,-,10.152,9.654,False,,intra,True,homo2mer
95_2,P54071,P54071,256,263,NTILKAYDGR,FKDIFQEIFDK, , ,5I96,X-RAY DIFFRACTION,1.55,A,B,256.0,263.0,-,-,31.255,30.249,False,,inter,True,homo2mer
95_3,P54071,P54071,256,263,NTILKAYDGR,FKDIFQEIFDK, , ,5I96,X-RAY DIFFRACTION,1.55,B,A,256.0,263.0,-,-,31.097,30.134,False,,inter,True,homo2mer
95_4,P54071,P54071,256,263,NTILKAYDGR,FKDIFQEIFDK, , ,5I96,X-RAY DIFFRACTION,1.55,B,B,256.0,263.0,-,-,10.31,9.789,False,,intra,True,homo2mer
96,P54071,P54071,384,45,GKLDGNQDLIR,IKVEKPVVEMDGDEMTR, , ,5I96,X-RAY DIFFRACTION,1.55,A,A,384.0,45.0,-,-,22.873,16.233,False,,intra,True,homo2mer
96_4,P54071,P54071,384,45,GKLDGNQDLIR,IKVEKPVVEMDGDEMTR, , ,5I96,X-RAY DIFFRACTION,1.55,B,B,384.0,45.0,-,-,23.674,16.348,False,,intra,True,homo2mer
97,P54071,P54071,155,400,EPIICKNIPR,FAQTLEKVCVQTVESGAMTK, , ,5I96,X-RAY DIFFRACTION,1.55,A,A,155.0,400.0,-,-,12.9,12.767,False,,intra,True,homo2mer
97_4,P54071,P54071,155,400,EPIICKNIPR,FAQTLEKVCVQTVESGAMTK, , ,5I96,X-RAY DIFFRACTION,1.55,B,B,155.0,400.0,-,-,12.924,12.802,False,,intra,True,homo2mer
98,P54071,P54071,299,360,LIDDMVAQVLKSSGGFVWACK,EHQKGRPTSTNPIASIFAWTR, , ,5I96,X-RAY DIFFRACTION,1.55,A,A,299.0,360.0,-,-,50.681,46.501,False,'distance above range',inter,False,homo2mer
98_2,P54071,P54071,299,360,LIDDMVAQVLKSSGGFVWACK,EHQKGRPTSTNPIASIFAWTR, , ,5I96,X-RAY DIFFRACTION,1.55,A,B,299.0,360.0,-,-,26.658,26.647,False,,inter,True,homo2mer
98_3,P54071,P54071,299,360,LIDDMVAQVLKSSGGFVWACK,EHQKGRPTSTNPIASIFAWTR, , ,5I96,X-RAY DIFFRACTION,1.55,B,A,299.0,360.0,-,-,27.919,27.913,False,,inter,True,homo2mer
99,P54071,P54071,384,413,GKLDGNQDLIR,VCVQTVESGAMTKDLAGCIHGLSNVK, , ,5I96,X-RAY DIFFRACTION,1.55,A,A,384.0,413.0,-,-,36.182,34.699,False,'distance above range',inter,False,homo2mer
99_2,P54071,P54071,384,413,GKLDGNQDLIR,VCVQTVESGAMTKDLAGCIHGLSNVK, , ,5I96,X-RAY DIFFRACTION,1.55,A,B,384.0,413.0,-,-,49.49,48.957,False,'distance above range',inter,False,homo2mer
99_3,P54071,P54071,384,413,GKLDGNQDLIR,VCVQTVESGAMTKDLAGCIHGLSNVK, , ,5I96,X-RAY DIFFRACTION,1.55,B,A,384.0,413.0,-,-,,,False,,inter,False,homo2mer
99_4,P54071,P54071,384,413,GKLDGNQDLIR,VCVQTVESGAMTKDLAGCIHGLSNVK, , ,5I96,X-RAY DIFFRACTION,1.55,B,B,384.0,413.0,-,-,35.615,34.368,False,'distance above range',inter,False,homo2mer
100,P54071,P54071,133,256,MWKSPNGTIR,NTILKAYDGRFK,3,5,5I96,X-RAY DIFFRACTION,1.55,A,A,133.0,256.0,-,-,41.324,36.184,False,'distance above range',inter,False,homo2mer
100_2,P54071,P54071,133,256,MWKSPNGTIR,NTILKAYDGRFK,3,5,5I96,X-RAY DIFFRACTION,1.55,A,B,133.0,256.0,-,-,18.543,18.54,False,,inter,True,homo2mer
100_3,P54071,P54071,133,256,MWKSPNGTIR,NTILKAYDGRFK,3,5,5I96,X-RAY DIFFRACTION,1.55,B,A,133.0,256.0,-,-,16.231,16.219,False,,inter,True,homo2mer
101,P54071,P54071,280,199,TDFDKNK,LVFTPKDGSSAK,5,6,5I96,X-RAY DIFFRACTION,1.55,A,A,280.0,199.0,-,-,43.761,42.459,False,'distance above range',inter,False,homo2mer
101_2,P54071,P54071,280,199,TDFDKNK,LVFTPKDGSSAK,5,6,5I96,X-RAY DIFFRACTION,1.55,A,B,280.0,199.0,-,-,,,False,,inter,False,homo2mer
101_3,P54071,P54071,280,199,TDFDKNK,LVFTPKDGSSAK,5,6,5I96,X-RAY DIFFRACTION,1.55,B,A,280.0,199.0,-,-,,,False,,inter,False,homo2mer
101_4,P54071,P54071,280,199,TDFDKNK,LVFTPKDGSSAK,5,6,5I96,X-RAY DIFFRACTION,1.55,B,B,280.0,199.0,-,-,43.973,42.67,False,'distance above range',inter,False,homo2mer
102,P54071,P54071,282,199,NKIWYEHR,LVFTPKDGSSAK,2,6,5I96,X-RAY DIFFRACTION,1.55,A,A,282.0,199.0,-,-,50.073,45.54,False,'distance above range',inter,False,homo2mer
102_2,P54071,P54071,282,199,NKIWYEHR,LVFTPKDGSSAK,2,6,5I96,X-RAY DIFFRACTION,1.55,A,B,282.0,199.0,-,-,,,False,,inter,False,homo2mer
102_3,P54071,P54071,282,199,NKIWYEHR,LVFTPKDGSSAK,2,6,5I96,X-RAY DIFFRACTION,1.55,B,A,282.0,199.0,-,-,,,False,,inter,False,homo2mer
102_4,P54071,P54071,282,199,NKIWYEHR,LVFTPKDGSSAK,2,6,5I96,X-RAY DIFFRACTION,1.55,B,B,282.0,199.0,-,-,50.149,45.953,False,'distance above range',inter,False,homo2mer
103,P54071,P54071,275,282,HYKTDFDK,NKIWYEHR,3,2,5I96,X-RAY DIFFRACTION,1.55,A,A,275.0,282.0,-,-,13.919,12.511,False,,intra,True,homo2mer
103_4,P54071,P54071,275,282,HYKTDFDK,NKIWYEHR,3,2,5I96,X-RAY DIFFRACTION,1.55,B,B,275.0,282.0,-,-,14.863,13.039,False,,intra,True,homo2mer
104,P54071,P54071,451,400,SNLDRALGKQ,FAQTLEKVCVQTVESGAMTK,9,7,afP54071,ALPHAFOLD,ALPHAFOLD,A,A,451.0,400.0,66.5,98.15,,,False,,intra,False,homo2mer
